filename,width,height,class,xmin,ymin,xmax,ymax
061003a6fax5.jpg,1200,720,pear,352,206,636,485
061003a6fax5.jpg,1200,720,pear,149,160,360,409
061003a6fax5.jpg,1200,720,pear,580,123,764,387
061003a6fax5.jpg,1200,720,pear,307,49,552,207
1-1248160685P7iJ.jpg,1280,853,pear,77,201,467,739
1-1248160685P7iJ.jpg,1280,853,pear,502,162,804,324
1-1248160685P7iJ.jpg,1280,853,pear,893,244,1189,578
10086948736_1ffdf974cb_k-r.jpg,1631,2048,pear,930,270,1525,1374
10086948736_1ffdf974cb_k-r.jpg,1631,2048,pear,283,304,763,1464
10086948736_1ffdf974cb_k.jpg,1631,2048,pear,127,672,736,1755
10086948736_1ffdf974cb_k.jpg,1631,2048,pear,840,642,1351,1778
10465209846_6a52b9e948_b.jpg,1024,768,pear,105,271,382,607
10465209846_6a52b9e948_b.jpg,1024,768,pear,385,268,628,559
10465209846_6a52b9e948_b.jpg,1024,768,pear,662,214,934,557
11929710344_441caf0bde_k-r.jpg,2048,1350,pear,275,159,697,1170
11929710344_441caf0bde_k-r.jpg,2048,1350,pear,725,156,1179,1140
11929710344_441caf0bde_k-r.jpg,2048,1350,pear,1216,150,1698,1043
11929710344_441caf0bde_k.jpg,2048,1350,pear,366,294,853,1195
11929710344_441caf0bde_k.jpg,2048,1350,pear,858,198,1320,1199
11929710344_441caf0bde_k.jpg,2048,1350,pear,1326,148,1781,1195
1215446928_56b0abfcb1_b-RGB.jpg,1024,768,pear,391,130,739,598
1215446928_56b0abfcb1_b-RGB.jpg,1024,768,pear,716,187,975,691
1215446928_56b0abfcb1_b-RGB.jpg,1024,768,pear,84,371,440,768
1215446928_56b0abfcb1_b.jpg,1024,768,pear,98,387,427,764
1215446928_56b0abfcb1_b.jpg,1024,768,pear,405,133,726,598
1215446928_56b0abfcb1_b.jpg,1024,768,pear,721,186,972,703
12218388955_400cfc8832_k-r.jpg,2048,1365,pear,1079,153,1782,937
12218388955_400cfc8832_k.jpg,2048,1365,pear,271,427,979,1214
12222938413_c30172bc8b_h.jpg,1600,1200,pear,461,356,1020,820
12222938413_c30172bc8b_h.jpg,1600,1200,pear,809,697,1352,1200
12222938413_c30172bc8b_h.jpg,1600,1200,pear,1000,310,1515,842
12222938413_c30172bc8b_h.jpg,1600,1200,pear,1158,128,1517,449
12222938413_c30172bc8b_h.jpg,1600,1200,pear,428,823,819,1200
12398452_075157207038_2-RGB.jpg,1024,768,pear,273,302,487,568
12398452_075157207038_2-RGB.jpg,1024,768,pear,441,313,559,580
12398452_075157207038_2-RGB.jpg,1024,768,pear,651,348,893,656
12398452_075157207038_2.jpg,1024,768,pear,262,310,486,576
12398452_075157207038_2.jpg,1024,768,pear,413,310,574,578
12398452_075157207038_2.jpg,1024,768,pear,662,353,898,660
12398452_220028147085_2.jpg,1024,727,pear,206,338,551,643
12398452_220028147085_2.jpg,1024,727,pear,508,232,812,611
12586564234_1a04e7060a_h-r.jpg,1600,1124,pear,552,136,969,462
12586564234_1a04e7060a_h-r.jpg,1600,1124,pear,445,466,818,880
12586564234_1a04e7060a_h-r.jpg,1600,1124,pear,816,410,1126,811
12586564234_1a04e7060a_h.jpg,1600,1124,pear,483,302,790,703
12586564234_1a04e7060a_h.jpg,1600,1124,pear,773,246,1123,648
12586564234_1a04e7060a_h.jpg,1600,1124,pear,626,637,1080,979
1333033712_09d580417d_k-r.jpg,1362,2048,pear,231,93,1109,685
1333033712_09d580417d_k-r.jpg,1362,2048,pear,382,806,1067,1302
1333033712_09d580417d_k-r.jpg,1362,2048,pear,399,1425,1073,1966
1333033712_09d580417d_k.jpg,2048,1362,pear,88,385,603,1046
1333033712_09d580417d_k.jpg,2048,1362,pear,737,357,1240,1047
1333033712_09d580417d_k.jpg,2048,1362,pear,1379,270,1945,1053
13803925403_f71d61d176_o-r.jpg,796,1052,pear,425,281,755,749
13803925403_f71d61d176_o.jpg,1052,796,pear,318,418,801,750
14971784215_619b29e415_k-RGB.jpg,2048,1536,pear,567,334,1175,1426
14971784215_619b29e415_k-RGB.jpg,2048,1536,pear,1078,240,1601,1119
14971784215_619b29e415_k.jpg,2048,1536,pear,532,337,1175,1431
14971784215_619b29e415_k.jpg,2048,1536,pear,1048,240,1607,1140
15745804404_ace6ba538c_o.jpg,2487,2485,pear,683,334,2093,2301
15802346190_bc7c20b9d6_k-RGB.jpg,2047,1356,pear,129,269,649,917
15802346190_bc7c20b9d6_k-RGB.jpg,2047,1356,pear,616,350,1260,944
15802346190_bc7c20b9d6_k.jpg,2047,1356,pear,147,306,657,891
15802346190_bc7c20b9d6_k.jpg,2047,1356,pear,611,324,1257,944
15937280787_5ca5f13c04_b.jpg,768,1024,pear,83,186,570,912
17051831059_cf52975060_k-RGB.jpg,2000,1331,pear,65,614,455,1075
17051831059_cf52975060_k-RGB.jpg,2000,1331,pear,376,305,750,751
17051831059_cf52975060_k-RGB.jpg,2000,1331,pear,1058,642,1470,1093
17051831059_cf52975060_k-RGB.jpg,2000,1331,pear,1495,705,1891,1120
17051831059_cf52975060_k-RGB.jpg,2000,1331,pear,1288,523,1633,780
17051831059_cf52975060_k-RGB.jpg,2000,1331,pear,733,435,1085,749
17051831059_cf52975060_k-RGB.jpg,2000,1331,pear,853,197,1228,528
17051831059_cf52975060_k.jpg,2000,1331,pear,105,638,462,1038
17051831059_cf52975060_k.jpg,2000,1331,pear,361,321,751,764
17051831059_cf52975060_k.jpg,2000,1331,pear,757,431,1095,757
17051831059_cf52975060_k.jpg,2000,1331,pear,1075,653,1465,1102
17051831059_cf52975060_k.jpg,2000,1331,pear,1507,697,1917,1123
17051831059_cf52975060_k.jpg,2000,1331,pear,1294,531,1650,784
17903835679_6773bc84b0_k.jpg,1536,2048,pear,335,564,1122,1644
199539573_8eeaffde3a_o.jpg,600,600,pear,130,145,451,540
2-RGB.jpg,1024,768,pear,467,244,554,352
2-RGB.jpg,1024,768,pear,686,394,775,498
2-RGB.jpg,1024,768,pear,56,510,146,595
2.jpg,1024,768,pear,468,253,555,346
2.jpg,1024,768,pear,690,399,775,496
2.jpg,1024,768,pear,49,507,149,595
201793095313.jpg,640,480,pear,46,218,238,441
201793095313.jpg,640,480,pear,236,274,424,477
201793095313.jpg,640,480,pear,347,196,574,411
201793095313.jpg,640,480,pear,300,20,501,201
201793095313.jpg,640,480,pear,111,12,276,207
20313796028_8bb3fde4a8_h.jpg,1280,1600,pear,676,983,1037,1501
20476608063_2ef69cfbe4_k-RGB.jpg,2048,1365,pear,614,152,1210,944
20476608063_2ef69cfbe4_k-RGB.jpg,2048,1365,pear,29,275,602,1137
20476608063_2ef69cfbe4_k-RGB.jpg,2048,1365,pear,985,803,1478,1202
20476608063_2ef69cfbe4_k.jpg,2048,1365,pear,13,314,606,1155
20476608063_2ef69cfbe4_k.jpg,2048,1365,pear,602,165,1214,919
20476608063_2ef69cfbe4_k.jpg,2048,1365,pear,1000,801,1485,1191
21411900765_3ced69198f_k.jpg,1365,2048,pear,441,591,1054,1425
2178603819_6dfcde354b_b.jpg,1024,1024,pear,255,83,801,851
2243350851_837850f67e_h-r.jpg,1500,1050,pear,339,498,1091,845
2243350851_837850f67e_h-r.jpg,1500,1050,pear,464,180,1165,498
2243350851_837850f67e_h.jpg,1050,1500,pear,499,408,849,1141
2243350851_837850f67e_h.jpg,1050,1500,pear,183,331,507,1034
2282378798_506b016155_k-r.jpg,1331,2048,pear,260,243,966,830
2282378798_506b016155_k-r.jpg,1331,2048,pear,328,1036,1035,1530
2282378798_506b016155_k-r.jpg,1331,2048,pear,326,1525,967,2006
2282378798_506b016155_k.jpg,2048,1331,pear,226,376,838,1093
2282378798_506b016155_k.jpg,2048,1331,pear,1031,327,1534,995
2282378798_506b016155_k.jpg,2048,1331,pear,1535,334,2015,995
2338082654_09310ea79f_b-r.jpg,681,1024,pear,91,78,494,374
2338082654_09310ea79f_b-r.jpg,681,1024,pear,156,378,481,648
2338082654_09310ea79f_b-r.jpg,681,1024,pear,117,672,565,966
2338082654_09310ea79f_b.jpg,1024,681,pear,77,196,373,587
2338082654_09310ea79f_b.jpg,1024,681,pear,378,188,676,527
2338082654_09310ea79f_b.jpg,1024,681,pear,673,116,969,565
2354301526_472945340e_o-r.jpg,768,1024,pear,14,507,559,901
2354301526_472945340e_o.jpg,1024,768,pear,508,214,905,745
24070932029_f1459a7dec_b.jpg,945,903,pear,154,201,430,738
24070932029_f1459a7dec_b.jpg,945,903,pear,491,177,775,697
2528283227_e0ce40874a_h.jpg,1076,1600,pear,237,548,785,1293
2531170_173712335258_2.jpg,682,1024,pear,13,325,347,790
25787518376_22a9f24714_b.jpg,1024,768,pear,126,189,311,475
25787518376_22a9f24714_b.jpg,1024,768,pear,643,388,896,739
25787518376_3dec738081_k.jpg,2048,1536,pear,255,389,573,949
25787518376_3dec738081_k.jpg,2048,1536,pear,1262,777,1793,1446
258537057_671ecae41e_h-r.jpg,1600,1155,pear,758,134,1249,533
258537057_671ecae41e_h-r.jpg,1600,1155,pear,685,614,1257,1016
258537057_671ecae41e_h.jpg,1155,1600,pear,149,685,518,1266
258537057_671ecae41e_h.jpg,1155,1600,pear,636,745,1026,1255
272685583_635eba036d_h-r.jpg,1067,1600,pear,141,107,1015,506
272685583_635eba036d_h-r.jpg,1067,1600,pear,365,490,1050,1230
272685583_635eba036d_h.jpg,1600,1067,pear,389,373,1097,1017
272685583_635eba036d_h.jpg,1600,1067,pear,1027,175,1488,1025
2745995560_910f6d88f5_b.jpg,1024,768,pear,218,234,548,626
2745995560_910f6d88f5_b.jpg,1024,768,pear,528,299,861,731
2759886308_392e35a8fa_k-r.jpg,1536,2048,pear,249,200,1141,908
2759886308_392e35a8fa_k-r.jpg,1536,2048,pear,26,921,1017,1651
2759886308_392e35a8fa_k.jpg,2048,1536,pear,193,392,932,1292
2759886308_392e35a8fa_k.jpg,2048,1536,pear,901,511,1643,1499
27772094593_5f050e5b82_h.jpg,1599,1244,pear,543,165,870,602
27772094593_5f050e5b82_h.jpg,1599,1244,pear,863,544,1272,1103
277919640_effeb6cb3e_o-r.jpg,425,640,pear,91,463,313,633
277919640_effeb6cb3e_o-r.jpg,425,640,pear,109,328,286,457
277919640_effeb6cb3e_o-r.jpg,425,640,pear,65,215,264,345
277919640_effeb6cb3e_o.jpg,640,425,pear,175,112,317,291
277919640_effeb6cb3e_o.jpg,640,425,pear,20,94,180,320
277919640_effeb6cb3e_o.jpg,640,425,pear,289,73,421,254
278413_100448029_2.jpg,1024,727,pear,64,227,240,347
278413_100448029_2.jpg,1024,727,pear,160,439,326,632
278413_100448029_2.jpg,1024,727,pear,340,356,550,504
278413_100448029_2.jpg,1024,727,pear,386,508,484,692
278413_100448029_2.jpg,1024,727,pear,659,393,928,628
278413_100448029_2.jpg,1024,727,pear,599,240,809,413
278413_100448029_2.jpg,1024,727,pear,736,121,911,280
2786001_164704148001_2.jpg,1024,727,pear,239,344,442,629
2786001_164704148001_2.jpg,1024,727,pear,11,402,233,590
2786001_164704148001_2.jpg,1024,727,pear,36,103,220,291
2786001_164704148001_2.jpg,1024,727,pear,197,180,371,357
2786001_164704148001_2.jpg,1024,727,pear,348,83,591,195
2786001_164704148001_2.jpg,1024,727,pear,525,298,736,596
2786001_164704148001_2.jpg,1024,727,pear,379,289,556,467
2786001_164704148001_2.jpg,1024,727,pear,787,216,1023,374
2786001_164704148001_2.jpg,1024,727,pear,682,74,896,223
2786001_164704148001_2.jpg,1024,727,pear,677,263,836,456
2786001_164704148001_2.jpg,1024,727,pear,637,592,829,727
28055205274_4188b91c6b_b.jpg,1024,618,pear,458,219,713,570
28055205274_4188b91c6b_b.jpg,1024,618,pear,202,208,474,537
2815567412_5d4de37c7d_k-r.jpg,2048,1536,pear,418,438,1508,1297
2815567412_5d4de37c7d_k.jpg,1536,2048,pear,515,517,1296,1615
2815567412_abbf65f14b_h.jpg,1200,1600,pear,351,396,1022,1273
2d8122a545fbcef47cc471dd967f37b1.jpg,499,375,pear,128,84,302,336
30303914403_9cd27e3872_h.jpg,1600,1372,pear,377,771,1077,1346
30303914403_9cd27e3872_h.jpg,1600,1372,pear,1011,426,1563,1000
30303914403_9cd27e3872_h.jpg,1600,1372,pear,651,341,1023,751
30303914403_9cd27e3872_h.jpg,1600,1372,pear,41,462,600,967
30303914403_9cd27e3872_h.jpg,1600,1372,pear,337,110,718,497
3137834276_808a6f1b36_k-r.jpg,1536,2048,pear,462,764,958,1206
3137834276_808a6f1b36_k.jpg,2048,1536,pear,744,581,1206,1067
3218990255_bbc055faa8_k.jpg,2048,1536,pear,628,334,1261,780
3218990255_bbc055faa8_k.jpg,2048,1536,pear,1,543,615,1085
33656050_ec12bae9b7_b.jpg,1024,576,pear,187,92,538,516
33656050_ec12bae9b7_b.jpg,1024,576,pear,537,158,885,544
3445879398_e2b801b64a_k-r.jpg,1463,2048,pear,220,755,967,1317
3445879398_e2b801b64a_k-r.jpg,1463,2048,pear,179,1487,1075,1983
3445879398_e2b801b64a_k-r.jpg,1463,2048,pear,271,117,1077,649
3445879398_e2b801b64a_k.jpg,2048,1463,pear,114,413,628,1207
3445879398_e2b801b64a_k.jpg,2048,1463,pear,769,507,1305,1261
3445879398_e2b801b64a_k.jpg,2048,1463,pear,1443,423,1990,1279
3506006103_042a99614c_h-r-RGB.jpg,1188,1600,pear,78,271,721,876
3506006103_042a99614c_h-r-RGB.jpg,1188,1600,pear,85,955,770,1571
3506006103_042a99614c_h-r-RGB.jpg,1188,1600,pear,521,548,1080,1058
3506006103_042a99614c_h-r.jpg,1188,1600,pear,56,286,766,896
3506006103_042a99614c_h-r.jpg,1188,1600,pear,73,968,765,1563
3506006103_042a99614c_h-r.jpg,1188,1600,pear,570,541,1110,1070
3506006103_042a99614c_h.jpg,1600,1188,pear,268,429,920,1150
3506006103_042a99614c_h.jpg,1600,1188,pear,938,456,1557,1141
3506006103_042a99614c_h.jpg,1600,1188,pear,520,133,1037,640
3847223985_c29a4612ee_o-r.jpg,670,838,pear,28,527,369,802
3847223985_c29a4612ee_o-r.jpg,670,838,pear,171,350,535,597
3847223985_c29a4612ee_o-r.jpg,670,838,pear,89,39,503,370
3847223985_c29a4612ee_o.jpg,838,670,pear,32,160,363,596
3847223985_c29a4612ee_o.jpg,838,670,pear,358,140,541,556
3847223985_c29a4612ee_o.jpg,838,670,pear,535,309,802,641
39468035415_100e14ddd7_h.jpg,1600,1200,pear,145,529,746,1120
39468035415_100e14ddd7_h.jpg,1600,1200,pear,389,146,731,551
39468035415_100e14ddd7_h.jpg,1600,1200,pear,667,518,1204,1140
4039550395_9d017a8c00_k-r.jpg,1371,2048,pear,40,425,963,1281
4039550395_9d017a8c00_k-r.jpg,1371,2048,pear,140,1247,891,1993
4039550395_9d017a8c00_k.jpg,2048,1371,pear,487,454,1223,1303
4039550395_9d017a8c00_k.jpg,2048,1371,pear,1282,529,2002,1245
4110713707_e9496405ee_k-r.jpg,1536,2048,pear,779,1378,1135,1738
4110713707_e9496405ee_k-r.jpg,1536,2048,pear,409,1570,841,1883
4110713707_e9496405ee_k-r.jpg,1536,2048,pear,554,1249,771,1532
4110713707_e9496405ee_k-r.jpg,1536,2048,pear,1305,1019,1520,1225
4110713707_e9496405ee_k-r.jpg,1536,2048,pear,1024,438,1254,619
4110713707_e9496405ee_k-r.jpg,1536,2048,pear,890,349,1100,515
4110713707_e9496405ee_k-r.jpg,1536,2048,pear,1081,205,1303,432
4110713707_e9496405ee_k-r.jpg,1536,2048,pear,145,855,275,968
4110713707_e9496405ee_k.jpg,2048,1536,pear,205,259,432,451
4110713707_e9496405ee_k.jpg,2048,1536,pear,337,448,524,653
4110713707_e9496405ee_k.jpg,2048,1536,pear,426,282,607,518
4110713707_e9496405ee_k.jpg,2048,1536,pear,1378,434,1742,761
4110713707_e9496405ee_k.jpg,2048,1536,pear,1555,746,1928,1113
4110713707_e9496405ee_k.jpg,2048,1536,pear,1240,720,1515,1002
4110713707_e9496405ee_k.jpg,2048,1536,pear,613,1311,719,1489
4110713707_e9496405ee_k.jpg,2048,1536,pear,861,1254,982,1390
4263091389_047471a337_o-r.jpg,1125,1500,pear,382,466,809,762
4263091389_047471a337_o-r.jpg,1125,1500,pear,220,1042,692,1375
4263091389_047471a337_o.jpg,1500,1125,pear,436,308,771,744
4263091389_047471a337_o.jpg,1500,1125,pear,1032,436,1383,899
4280777491_9d909bd438_k-r.jpg,1536,2048,pear,586,887,1536,1574
4280777491_9d909bd438_k-r.jpg,1536,2048,pear,549,1713,1536,2045
4280777491_9d909bd438_k-r.jpg,1536,2048,pear,11,1255,903,1959
4280777491_9d909bd438_k-r.jpg,1536,2048,pear,764,190,1536,770
4280777491_9d909bd438_k-r.jpg,1536,2048,pear,11,438,964,1144
4280777491_9d909bd438_k.jpg,2048,1536,pear,219,15,874,894
4280777491_9d909bd438_k.jpg,2048,1536,pear,880,31,1580,889
4280777491_9d909bd438_k.jpg,2048,1536,pear,1648,43,2048,1015
4280777491_9d909bd438_k.jpg,2048,1536,pear,1239,583,1950,1531
4280777491_9d909bd438_k.jpg,2048,1536,pear,396,562,1172,1529
43813278385_634d11d8e1_h.jpg,1599,1066,pear,408,469,853,931
47191074631_ba7187cce6_h-r.jpg,880,1320,pear,298,61,643,441
47191074631_ba7187cce6_h.jpg,1320,880,pear,867,325,1249,651
4827874659_060a10f236_k.jpg,2048,1729,pear,691,415,1342,1021
4827874659_060a10f236_k.jpg,2048,1729,pear,1251,840,1916,1498
4827874659_060a10f236_k.jpg,2048,1729,pear,501,1037,1244,1648
4827874659_060a10f236_k.jpg,2048,1729,pear,180,669,767,1210
4827874659_060a10f236_k.jpg,2048,1729,pear,226,178,742,671
4827874659_060a10f236_k.jpg,2048,1729,pear,767,12,1278,458
4827874659_060a10f236_k.jpg,2048,1729,pear,1283,226,1801,856
4855633476_6a6d72f2b7_o-RGB.jpg,2100,1500,pear,405,369,1192,1237
4855633476_6a6d72f2b7_o-RGB.jpg,2100,1500,pear,1183,422,1886,1250
4855633476_6a6d72f2b7_o.jpg,2100,1500,pear,419,339,1202,1233
4855633476_6a6d72f2b7_o.jpg,2100,1500,pear,1217,376,1895,1262
4998861359_c8f5624d36_b.jpg,1024,795,pear,304,178,726,686
4fa16faf3b8056b393b63a050dd06441-RGB.jpg,500,500,pear,203,157,473,467
4fa16faf3b8056b393b63a050dd06441-RGB.jpg,500,500,pear,26,103,209,426
4fa16faf3b8056b393b63a050dd06441.jpg,500,500,pear,35,95,213,428
4fa16faf3b8056b393b63a050dd06441.jpg,500,500,pear,207,148,475,460
5071473127_34100eb7fc_k.jpg,2000,1604,pear,311,728,967,1292
5071473127_34100eb7fc_k.jpg,2000,1604,pear,911,712,1457,1187
5071473127_34100eb7fc_k.jpg,2000,1604,pear,766,187,1381,682
5075684242_dad5954f8d_k.jpg,2048,1450,pear,790,673,1300,1450
5075684242_dad5954f8d_k.jpg,2048,1450,pear,1233,810,1976,1425
5075684242_dad5954f8d_k.jpg,2048,1450,pear,1259,358,1929,676
5075684242_dad5954f8d_k.jpg,2048,1450,pear,142,211,935,517
5140882839_c06ccd959e_k-RGB.jpg,2048,1360,pear,271,646,1433,1195
5140882839_c06ccd959e_k.jpg,2048,1360,pear,267,641,1443,1190
5479040816_d37982e509_k.jpg,2048,1360,pear,57,321,691,1157
5479040816_d37982e509_k.jpg,2048,1360,pear,700,321,1351,1162
5479040816_d37982e509_k.jpg,2048,1360,pear,1354,324,2023,1164
5856001661_d98baf96b5_h.jpg,1600,1066,pear,452,262,774,705
5856001661_d98baf96b5_h.jpg,1600,1066,pear,660,575,1068,948
5856001661_d98baf96b5_h.jpg,1600,1066,pear,733,205,1081,554
5911367470_728e67b874_k-RGB.jpg,2048,1366,pear,289,336,1100,1076
5911367470_728e67b874_k-RGB.jpg,2048,1366,pear,1067,405,1831,1303
5911367470_728e67b874_k.jpg,2048,1366,pear,289,330,1105,1076
5911367470_728e67b874_k.jpg,2048,1366,pear,1137,408,1803,1310
5c21a1629359d.png,875,579,pear,161,87,297,192
5c21a1629359d.png,875,579,pear,117,360,239,519
5c21a1629359d.png,875,579,pear,260,354,352,523
5c21a1629359d.png,875,579,pear,546,325,666,497
6003116619_fae5c8f09c_k-r.jpg,1361,2048,pear,58,1119,567,1442
6003116619_fae5c8f09c_k-r.jpg,1361,2048,pear,573,1196,1011,1574
6003116619_fae5c8f09c_k-r.jpg,1361,2048,pear,804,97,1303,481
6003116619_fae5c8f09c_k-RGB.jpg,2048,1361,pear,614,64,940,576
6003116619_fae5c8f09c_k-RGB.jpg,2048,1361,pear,507,619,841,1000
6003116619_fae5c8f09c_k-RGB.jpg,2048,1361,pear,1589,835,1936,1295
6003116619_fae5c8f09c_k.jpg,2048,1361,pear,591,80,962,564
6003116619_fae5c8f09c_k.jpg,2048,1361,pear,474,614,867,994
6003116619_fae5c8f09c_k.jpg,2048,1361,pear,1585,855,1941,1276
6050467829_aaaf8a7688_k-r.jpg,1365,2048,pear,128,732,760,1287
6050467829_aaaf8a7688_k-r.jpg,1365,2048,pear,650,840,1279,1402
6050467829_aaaf8a7688_k.jpg,2048,1365,pear,776,165,1337,739
6050467829_aaaf8a7688_k.jpg,2048,1365,pear,640,655,1209,1262
6086759660_6e74b4a486_b.jpg,1023,682,pear,180,144,507,588
6086759660_6e74b4a486_b.jpg,1023,682,pear,499,159,807,586
6099409667_94ac0aab3a_h-r.jpg,1200,1600,pear,476,468,987,825
6099409667_94ac0aab3a_h-r.jpg,1200,1600,pear,16,1171,487,1473
6099409667_94ac0aab3a_h-r.jpg,1200,1600,pear,7,943,364,1148
6099409667_94ac0aab3a_h.jpg,1600,1200,pear,779,430,1140,981
6099409667_94ac0aab3a_h.jpg,1600,1200,pear,141,1,483,493
6099409667_94ac0aab3a_h.jpg,1600,1200,pear,410,8,605,345
6158d6fac266286b56dbb59b2981669c-r.jpg,680,1024,pear,5,123,166,276
6158d6fac266286b56dbb59b2981669c-r.jpg,680,1024,pear,126,240,383,358
6158d6fac266286b56dbb59b2981669c-r.jpg,680,1024,pear,151,633,404,780
6158d6fac266286b56dbb59b2981669c-r.jpg,680,1024,pear,386,723,542,919
6158d6fac266286b56dbb59b2981669c.jpg,1024,680,pear,241,144,398,393
6158d6fac266286b56dbb59b2981669c.jpg,1024,680,pear,117,361,289,533
6158d6fac266286b56dbb59b2981669c.jpg,1024,680,pear,750,6,905,158
6158d6fac266286b56dbb59b2981669c.jpg,1024,680,pear,654,97,790,372
6207778570_a056957567_k-r.jpg,1362,2048,pear,417,157,1248,891
6207778570_a056957567_k.jpg,2048,1362,pear,1144,425,1902,1240
6237223549_7815bc91d9_o-r.jpg,639,960,pear,221,251,622,510
6237223549_7815bc91d9_o-r.jpg,639,960,pear,243,499,639,752
6237223549_7815bc91d9_o.jpg,960,639,pear,200,237,474,636
6237223549_7815bc91d9_o.jpg,960,639,pear,455,221,702,600
6366836303_79445c9ae6_o-r.jpg,1248,1613,pear,425,438,973,829
6366836303_79445c9ae6_o-r.jpg,1248,1613,pear,255,222,738,579
6366836303_79445c9ae6_o-r.jpg,1248,1613,pear,263,664,595,942
6366836303_79445c9ae6_o-r.jpg,1248,1613,pear,376,839,883,1241
6366836303_79445c9ae6_o-r.jpg,1248,1613,pear,245,1092,571,1404
6366836303_79445c9ae6_o.jpg,1613,1248,pear,398,384,780,891
6366836303_79445c9ae6_o.jpg,1613,1248,pear,805,450,1164,971
6366836303_79445c9ae6_o.jpg,1613,1248,pear,1092,287,1374,721
6366836303_79445c9ae6_o.jpg,1613,1248,pear,652,293,917,578
6366836303_79445c9ae6_o.jpg,1613,1248,pear,214,280,472,573
6462414201_7c669f9aa8_o-r.jpg,533,800,pear,131,359,447,614
6462414201_7c669f9aa8_o-r.jpg,533,800,pear,167,132,430,348
6462414201_7c669f9aa8_o.jpg,800,533,pear,187,133,434,444
6462414201_7c669f9aa8_o.jpg,800,533,pear,450,179,675,430
68f9954123a25ae9ad3cf24b3e400ac0-r.jpg,666,1000,pear,270,503,562,788
68f9954123a25ae9ad3cf24b3e400ac0-r.jpg,666,1000,pear,362,161,602,498
68f9954123a25ae9ad3cf24b3e400ac0.jpg,1000,666,pear,213,264,511,565
68f9954123a25ae9ad3cf24b3e400ac0.jpg,1000,666,pear,513,348,850,599
6907545795_a57f5b7337_k-r.jpg,2048,1365,pear,510,611,1361,1078
6907545795_a57f5b7337_k-r.jpg,2048,1365,pear,569,1,1306,650
6907545795_a57f5b7337_k.jpg,1365,2048,pear,320,493,749,1370
6907545795_a57f5b7337_k.jpg,1365,2048,pear,726,549,1354,1306
6947013612_482cba500c_k-r.jpg,1486,2048,pear,442,685,874,1015
6947013612_482cba500c_k-r.jpg,1486,2048,pear,875,778,1210,1151
6947013612_482cba500c_k-r.jpg,1486,2048,pear,805,1255,1218,1636
6947013612_482cba500c_k-r.jpg,1486,2048,pear,314,1534,754,1910
6947013612_482cba500c_k-r.jpg,1486,2048,pear,658,251,1082,644
6947013612_482cba500c_k-r.jpg,1486,2048,pear,1061,125,1390,478
6947013612_482cba500c_k.jpg,2048,1486,pear,129,315,520,753
6947013612_482cba500c_k.jpg,2048,1486,pear,408,758,788,1216
6947013612_482cba500c_k.jpg,2048,1486,pear,900,828,1284,1223
6947013612_482cba500c_k.jpg,2048,1486,pear,1031,430,1385,864
6947013612_482cba500c_k.jpg,2048,1486,pear,1402,662,1808,1071
6947013612_482cba500c_k.jpg,2048,1486,pear,1571,1087,1929,1379
6e8dd6bcd0d0ad7d925368a7feb5ae37.jpg,500,333,pear,24,84,174,306
6e8dd6bcd0d0ad7d925368a7feb5ae37.jpg,500,333,pear,194,95,329,307
6e8dd6bcd0d0ad7d925368a7feb5ae37.jpg,500,333,pear,353,109,485,309
7087913369_23edaba58b_k-r.jpg,1536,2048,pear,726,440,1490,1721
7087913369_23edaba58b_k.jpg,2048,1536,pear,328,707,1607,1489
7796668798_d01647c744_o-r.jpg,1023,1280,pear,193,845,637,1216
7853574722_17a987b706_b.jpg,1024,768,pear,111,169,298,460
7853574722_17a987b706_b.jpg,1024,768,pear,420,284,616,635
7853574722_17a987b706_b.jpg,1024,768,pear,609,330,806,583
7853574722_17a987b706_b.jpg,1024,768,pear,771,381,975,672
7871372418_175008dd95_k-r.jpg,1365,2048,pear,152,621,979,1106
7871372418_175008dd95_k.jpg,2048,1365,pear,943,175,1426,981
7be9d8cf5da343b14f0dd03cb43fdc52.jpg,1024,678,pear,423,253,597,457
8046033919_07f1833c0c_k-r.jpg,1365,2048,pear,224,296,1307,1083
8046033919_07f1833c0c_k-r.jpg,1365,2048,pear,235,1085,1209,1808
8046033919_07f1833c0c_k.jpg,2048,1365,pear,240,179,974,1202
8046033919_07f1833c0c_k.jpg,2048,1365,pear,961,193,1764,1304
8415667144_a68db80ae7_k-r.jpg,2048,1360,pear,900,212,2015,925
8415667144_a68db80ae7_k.jpg,1360,2048,pear,427,1030,1149,1988
8532139255_3867a54914_k-r.jpg,2048,1649,pear,248,163,1002,1140
8532139255_3867a54914_k-r.jpg,2048,1649,pear,1182,136,1972,726
8532139255_3867a54914_k.jpg,2048,1649,pear,1004,458,1816,1467
8532139255_3867a54914_k.jpg,2048,1649,pear,80,672,735,1513
864508487_c69fd49e80_k-r.jpg,1532,2047,pear,550,906,1377,1589
864508487_c69fd49e80_k-r.jpg,1532,2047,pear,737,404,1213,957
864508487_c69fd49e80_k.jpg,2047,1532,pear,500,555,1135,1357
864508487_c69fd49e80_k.jpg,2047,1532,pear,1114,727,1654,1221
89154486_71edd282d6_k-r.jpg,1362,2048,pear,658,1125,1039,1598
89154486_71edd282d6_k.jpg,2048,1362,pear,450,667,938,1053
8945846042_30ae04443c_k-r.jpg,2048,1365,pear,430,710,1207,1321
8945846042_30ae04443c_k-r.jpg,2048,1365,pear,492,178,1371,769
8945846042_30ae04443c_k-r.jpg,2048,1365,pear,1258,348,1895,906
8945846042_30ae04443c_k.jpg,2048,1365,pear,862,75,1652,638
8945846042_30ae04443c_k.jpg,2048,1365,pear,698,635,1572,1138
8945846042_30ae04443c_k.jpg,2048,1365,pear,167,438,795,1030
9252683639_77da878768_o-r.jpg,800,578,pear,203,188,394,386
9252683639_77da878768_o-r.jpg,800,578,pear,416,227,633,504
9252683639_77da878768_o-r.jpg,800,578,pear,497,52,642,245
9252683639_77da878768_o.jpg,800,578,pear,172,78,385,348
9252683639_77da878768_o.jpg,800,578,pear,407,173,600,400
9252683639_77da878768_o.jpg,800,578,pear,164,319,304,529
9403490768_d8c3448829_k-r.jpg,2048,1365,pear,420,172,1203,1069
9403490768_d8c3448829_k-r.jpg,2048,1365,pear,1186,378,1784,1119
9403490768_d8c3448829_k.jpg,2048,1365,pear,279,154,862,982
9403490768_d8c3448829_k.jpg,2048,1365,pear,858,271,1624,1202
9566499110_9f3b6d5cb6_o-r.jpg,640,628,pear,300,85,617,475
9566499110_9f3b6d5cb6_o.jpg,640,628,pear,22,142,346,550
956994687_7087edceac_b.jpg,1024,844,pear,110,219,571,765
956994687_7087edceac_b.jpg,1024,844,pear,562,356,929,802
956994687_9b63b5368f_h-r.jpg,1281,1554,pear,335,688,1143,1401
956994687_9b63b5368f_h-r.jpg,1281,1554,pear,546,148,1233,665
956994687_9b63b5368f_h.jpg,1554,1281,pear,154,338,859,1153
956994687_9b63b5368f_h.jpg,1554,1281,pear,874,556,1418,1195
9666545940_d6dbe0a29b_k-r.jpg,2047,1356,pear,767,161,1257,677
9666545940_d6dbe0a29b_k-r.jpg,2047,1356,pear,1237,140,1663,637
9666545940_d6dbe0a29b_k.jpg,2047,1356,pear,398,719,835,1226
9666545940_d6dbe0a29b_k.jpg,2047,1356,pear,816,643,1275,1202
9687261975_9a935aecbe_k-r.jpg,2048,1365,pear,427,155,1204,1069
9687261975_9a935aecbe_k-r.jpg,2048,1365,pear,1214,375,1782,1172
9687261975_9a935aecbe_k.jpg,2048,1365,pear,272,185,845,973
9687261975_9a935aecbe_k.jpg,2048,1365,pear,858,278,1622,1196
9693747165_02dd97d0b5_k-r.jpg,2047,1536,pear,487,280,1212,1181
9693747165_02dd97d0b5_k-RGB.jpg,2047,1536,pear,847,341,1558,1232
9693747165_02dd97d0b5_k.jpg,2047,1536,pear,839,345,1549,1250
9698002828_b9f04c345e_k-r.jpg,1280,1920,pear,479,322,1009,1094
9698002828_b9f04c345e_k.jpg,1280,1920,pear,335,840,837,1618
9773031_230247923089_2.jpg,1024,724,pear,87,427,281,633
9773031_230247923089_2.jpg,1024,724,pear,99,176,314,423
9773031_230247923089_2.jpg,1024,724,pear,309,291,459,505
9773031_230247923089_2.jpg,1024,724,pear,319,64,519,267
9773031_230247923089_2.jpg,1024,724,pear,443,244,649,492
9773031_230247923089_2.jpg,1024,724,pear,620,155,785,372
9773031_230247923089_2.jpg,1024,724,pear,788,121,985,357
9773031_230320714086_2.jpg,724,1024,pear,89,141,467,637
apple-1937059_1920.jpg,1920,1280,pear,1056,206,1730,919
apples-and-pears-2063714_1920.jpg,1920,1388,pear,198,345,700,959
autumn-3717241_1280.jpg,1280,853,pear,117,324,390,735
autumn-3717241_1280.jpg,1280,853,pear,404,355,680,736
autumn-3717241_1280.jpg,1280,853,pear,682,298,974,749
autumn-3717242_1920.jpg,1920,1280,pear,1102,432,1553,1091
autumn-3717242_1920.jpg,1920,1280,pear,811,332,1148,1012
autumn-3717242_1920.jpg,1920,1280,pear,448,235,899,962
bram-naus-2e33hIHHEWs-unsplash.jpg,3136,4101,pear,1313,2037,1965,2963
cb3e5988284efe91f7c27d09b82158d3-r.jpg,1000,666,pear,174,265,377,527
cb3e5988284efe91f7c27d09b82158d3-r.jpg,1000,666,pear,383,276,575,486
cb3e5988284efe91f7c27d09b82158d3-r.jpg,1000,666,pear,265,152,450,282
cb3e5988284efe91f7c27d09b82158d3.jpg,1000,666,pear,429,188,618,392
cb3e5988284efe91f7c27d09b82158d3.jpg,1000,666,pear,635,161,834,400
cb3e5988284efe91f7c27d09b82158d3.jpg,1000,666,pear,542,374,735,521
coffee-4333832_1920-r-RGB.jpg,1920,1158,pear,1126,276,1784,730
coffee-4333832_1920-r-RGB.jpg,1920,1158,pear,1156,678,1743,1084
coffee-4333832_1920-r.jpg,1920,1158,pear,1128,286,1755,726
coffee-4333832_1920-r.jpg,1920,1158,pear,1150,663,1756,1081
coffee-4333832_1920.jpg,1920,1158,pear,125,448,794,870
coffee-4333832_1920.jpg,1920,1158,pear,164,66,766,463
dan-gold-hXaHghBkEMQ-unsplash-r.jpg,6000,4000,pear,2814,520,3806,1866
dan-gold-hXaHghBkEMQ-unsplash-r.jpg,6000,4000,pear,2073,1532,3077,2358
dan-gold-hXaHghBkEMQ-unsplash.jpg,6000,4000,pear,2218,2120,3152,3424
dan-gold-hXaHghBkEMQ-unsplash.jpg,6000,4000,pear,2952,1628,3902,2445
fruit-1620831.jpg,2592,3872,pear,950,2612,1290,3044
fruit-1620831.jpg,2592,3872,pear,974,1892,1318,2272
fruit-1620831.jpg,2592,3872,pear,1258,2108,1498,2396
fruit-1620831.jpg,2592,3872,pear,1350,1712,1678,1996
fruit-1620831.jpg,2592,3872,pear,998,1444,1322,1760
fruit-1620831.jpg,2592,3872,pear,1482,852,1798,1188
fruit-1620831.jpg,2592,3872,pear,1686,1740,1938,2080
fruit-1620831.jpg,2592,3872,pear,1650,1204,1898,1556
fruit-1620831.jpg,2592,3872,pear,682,2932,990,3120
fruit-1748682_1920-r.jpg,1920,1440,pear,251,212,686,762
fruit-1748682_1920-r.jpg,1920,1440,pear,1035,400,1439,865
fruit-1748682_1920-r.jpg,1920,1440,pear,832,408,1102,848
fruit-1766588_1920-r.jpg,1920,1505,pear,1248,293,1832,964
fruit-1766588_1920-r.jpg,1920,1505,pear,645,347,1260,889
fruit-1766588_1920.jpg,1920,1505,pear,90,491,663,1214
fruit-1766588_1920.jpg,1920,1505,pear,644,615,1287,1191
fruit-2637058_1920-r.jpg,1920,1084,pear,598,276,948,661
fruit-2637058_1920-r.jpg,1920,1084,pear,968,279,1315,701
fruit-2637058_1920-r.jpg,1920,1084,pear,1331,298,1693,699
fruit-2637058_1920.jpg,1920,1084,pear,234,371,600,812
fruit-2637058_1920.jpg,1920,1084,pear,609,392,966,826
fruit-2637058_1920.jpg,1920,1084,pear,988,411,1339,817
fruit-2644838_1920-r.jpg,1920,1081,pear,921,170,1562,835
fruit-2644838_1920-r.jpg,1920,1081,pear,410,170,920,796
fruit-2644838_1920.jpg,1920,1081,pear,351,244,1025,935
fruit-2644838_1920.jpg,1920,1081,pear,980,272,1500,915
fruit-3171404_1920-RGB.jpg,1920,1189,pear,508,380,1609,894
fruit-3171404_1920-RGB.jpg,1920,1189,pear,116,899,920,1179
fruit-3171404_1920.jpg,1920,1189,pear,534,360,1568,875
fruit-3171404_1920.jpg,1920,1189,pear,131,927,931,1176
fruit-3380047_1920-r.jpg,1920,1286,pear,728,188,1192,825
fruit-3380047_1920-r.jpg,1920,1286,pear,866,770,1266,1208
fruit-3380047_1920-r.jpg,1920,1286,pear,198,370,780,993
fruit-3380047_1920.jpg,1920,1286,pear,750,466,1266,1116
fruit-3380047_1920.jpg,1920,1286,pear,1160,305,1723,904
fruit-3380047_1920.jpg,1920,1286,pear,636,66,1060,542
fruit-3519522_1920-r.jpg,1920,1280,pear,644,474,933,857
fruit-3519522_1920-r.jpg,1920,1280,pear,949,477,1249,869
fruit-3519522_1920-r.jpg,1920,1280,pear,837,273,1048,508
fruit-3519522_1920-r.jpg,1920,1280,pear,1021,142,1181,452
fruit-3519522_1920.jpg,1920,1280,pear,1001,431,1289,779
fruit-3519522_1920.jpg,1920,1280,pear,686,421,987,825
fruit-3519522_1920.jpg,1920,1280,pear,890,778,1110,1006
fruit-3519522_1920.jpg,1920,1280,pear,741,821,903,1133
fruit-3945417_1920.jpg,1920,895,pear,19,241,336,729
fruit-3945417_1920.jpg,1920,895,pear,309,437,771,801
fruit-3945417_1920.jpg,1920,895,pear,420,256,710,468
fruit-4391543_1920-r.jpg,1920,1446,pear,902,277,1589,1083
fruit-4391543_1920.jpg,1920,1446,pear,348,333,1032,1178
fruit-525876_1920.jpg,1920,1440,pear,778,892,1483,1335
fruit-525876_1920.jpg,1920,1440,pear,1020,231,1556,524
fruit-525876_1920.jpg,1920,1440,pear,401,466,951,958
fruit-525880_1920.jpg,1920,1440,pear,923,947,1456,1299
fruit-525880_1920.jpg,1920,1440,pear,467,698,1007,1024
fruit-525880_1920.jpg,1920,1440,pear,847,145,1350,408
fruit-740578_1920-r.jpg,1920,1434,pear,1002,601,1509,1183
fruit-740578_1920.jpg,1920,1434,pear,420,258,945,806
fruits-1058325_1920-r.jpg,1920,1440,pear,669,402,1047,908
fruits-1058325_1920-r.jpg,1920,1440,pear,1045,441,1371,932
fruits-1058325_1920.jpg,1920,1440,pear,556,517,914,1024
fruits-1058325_1920.jpg,1920,1440,pear,893,533,1244,1052
gettyimages-1024703660-2048x2048.jpg,2048,1365,pear,738,664,1086,1066
gettyimages-1024703660-2048x2048.jpg,2048,1365,pear,338,655,695,1168
gettyimages-1046549986-2048x2048.jpg,1152,2048,pear,391,717,657,944
gettyimages-1046549986-2048x2048.jpg,1152,2048,pear,887,520,1108,784
gettyimages-1046549986-2048x2048.jpg,1152,2048,pear,500,1042,766,1293
gettyimages-1046549986-2048x2048.jpg,1152,2048,pear,364,953,528,1174
gettyimages-1072745684-2048x2048.jpg,2048,1356,pear,574,546,806,806
gettyimages-1072745684-2048x2048.jpg,2048,1356,pear,374,586,568,871
gettyimages-1072745684-2048x2048.jpg,2048,1356,pear,651,868,754,1060
gettyimages-1084768780-2048x2048.jpg,2048,1536,pear,823,216,1377,769
gettyimages-1084768780-2048x2048.jpg,2048,1536,pear,557,378,863,775
gettyimages-1084768780-2048x2048.jpg,2048,1536,pear,212,29,677,486
gettyimages-1084768780-2048x2048.jpg,2048,1536,pear,21,511,509,907
gettyimages-1084768780-2048x2048.jpg,2048,1536,pear,295,736,778,1186
gettyimages-1084768780-2048x2048.jpg,2048,1536,pear,869,738,1220,1094
gettyimages-1092767720-2048x2048.jpg,1535,2048,pear,305,823,677,1227
gettyimages-1092767720-2048x2048.jpg,1535,2048,pear,673,868,1028,1217
gettyimages-1092767720-2048x2048.jpg,1535,2048,pear,1047,853,1420,1227
gettyimages-1092767720-2048x2048.jpg,1535,2048,pear,1083,551,1439,885
gettyimages-1092767720-2048x2048.jpg,1535,2048,pear,724,530,1058,878
gettyimages-1092767720-2048x2048.jpg,1535,2048,pear,358,474,700,823
gettyimages-1092767720-2048x2048.jpg,1535,2048,pear,9,504,352,836
gettyimages-1092767720-2048x2048.jpg,1535,2048,pear,64,183,407,500
gettyimages-1092767720-2048x2048.jpg,1535,2048,pear,745,110,1098,521
gettyimages-1092767720-2048x2048.jpg,1535,2048,pear,1109,247,1435,547
gettyimages-1092767720-2048x2048.jpg,1535,2048,pear,445,215,762,483
gettyimages-1092767720-2048x2048.jpg,1535,2048,pear,322,1227,715,1613
gettyimages-1092767720-2048x2048.jpg,1535,2048,pear,1,1217,332,1572
gettyimages-1092767720-2048x2048.jpg,1535,2048,pear,188,1715,579,2040
gettyimages-1092767720-2048x2048.jpg,1535,2048,pear,600,1755,958,2032
gettyimages-1092767720-2048x2048.jpg,1535,2048,pear,954,1715,1307,2047
gettyimages-1092767720-2048x2048.jpg,1535,2048,pear,1311,1738,1530,2042
gettyimages-1125891283-2048x2048.jpg,2048,1365,pear,813,458,1289,1011
gettyimages-1126250331-2048x2048.jpg,2048,1740,pear,1121,824,1396,1046
gettyimages-1126250331-2048x2048.jpg,2048,1740,pear,1694,813,1921,1015
gettyimages-1126250331-2048x2048.jpg,2048,1740,pear,1277,588,1557,797
gettyimages-1126250331-2048x2048.jpg,2048,1740,pear,706,309,938,533
gettyimages-1126250331-2048x2048.jpg,2048,1740,pear,639,962,883,1151
gettyimages-1126250331-2048x2048.jpg,2048,1740,pear,859,1219,1083,1471
gettyimages-1127822269-2048x2048.jpg,2048,1365,pear,183,742,358,955
gettyimages-1128922760-2048x2048.jpg,2048,1365,pear,840,571,1145,873
gettyimages-1128922760-2048x2048.jpg,2048,1365,pear,564,569,819,823
gettyimages-1128922760-2048x2048.jpg,2048,1365,pear,626,373,862,561
gettyimages-1128922760-2048x2048.jpg,2048,1365,pear,999,421,1258,651
gettyimages-1128922760-2048x2048.jpg,2048,1365,pear,1472,668,1692,845
gettyimages-1130471365-2048x2048.jpg,1536,2048,pear,609,925,952,1242
gettyimages-1130471365-2048x2048.jpg,1536,2048,pear,943,861,1239,1144
gettyimages-1130471365-2048x2048.jpg,1536,2048,pear,743,1513,1113,1851
gettyimages-1130471365-2048x2048.jpg,1536,2048,pear,1128,1619,1477,1991
gettyimages-1130471365-2048x2048.jpg,1536,2048,pear,675,1823,1067,2048
gettyimages-1130471365-2048x2048.jpg,1536,2048,pear,1226,874,1405,1108
gettyimages-1130471365-2048x2048.jpg,1536,2048,pear,990,617,1264,868
gettyimages-1130471365-2048x2048.jpg,1536,2048,pear,1262,461,1526,802
gettyimages-1130471365-2048x2048.jpg,1536,2048,pear,966,399,1208,636
gettyimages-1130471365-2048x2048.jpg,1536,2048,pear,1192,327,1386,551
gettyimages-1130471365-2048x2048.jpg,1536,2048,pear,1281,215,1460,417
gettyimages-1130471365-2048x2048.jpg,1536,2048,pear,817,625,1013,844
gettyimages-1130471365-2048x2048.jpg,1536,2048,pear,813,791,996,959
gettyimages-1130471365-2048x2048.jpg,1536,2048,pear,888,225,1041,376
gettyimages-1132591866-2048x2048.jpg,2048,1367,pear,744,574,1093,945
gettyimages-1132591866-2048x2048.jpg,2048,1367,pear,1069,100,1423,482
gettyimages-1132591866-2048x2048.jpg,2048,1367,pear,258,187,613,574
gettyimages-1134854478-2048x2048.jpg,2048,1638,pear,269,1127,730,1429
gettyimages-1134854478-2048x2048.jpg,2048,1638,pear,794,691,1231,895
gettyimages-1134854478-2048x2048.jpg,2048,1638,pear,501,564,870,844
gettyimages-1134854478-2048x2048.jpg,2048,1638,pear,847,464,1269,731
gettyimages-1137705942-2048x2048.jpg,2048,1367,pear,189,421,558,852
gettyimages-1137705942-2048x2048.jpg,2048,1367,pear,574,463,902,862
gettyimages-1137705942-2048x2048.jpg,2048,1367,pear,909,508,1258,873
gettyimages-1137705942-2048x2048.jpg,2048,1367,pear,1264,514,1579,843
gettyimages-1137705942-2048x2048.jpg,2048,1367,pear,1538,560,1957,841
gettyimages-1147732331-2048x2048.jpg,1536,2048,pear,58,551,622,1113
gettyimages-1147732331-2048x2048.jpg,1536,2048,pear,743,193,1207,691
gettyimages-1147732331-2048x2048.jpg,1536,2048,pear,962,447,1530,940
gettyimages-115518394-2048x2048.jpg,2048,1360,pear,555,480,1299,1149
gettyimages-115518394-2048x2048.jpg,2048,1360,pear,130,298,709,1062
gettyimages-115518394-2048x2048.jpg,2048,1360,pear,724,260,1272,546
gettyimages-115910146-2048x2048.jpg,2048,1371,pear,268,222,638,892
gettyimages-115910146-2048x2048.jpg,2048,1371,pear,547,819,755,1302
gettyimages-115910146-2048x2048.jpg,2048,1371,pear,748,737,983,1143
gettyimages-115910146-2048x2048.jpg,2048,1371,pear,743,149,1077,667
gettyimages-115910146-2048x2048.jpg,2048,1371,pear,936,312,1333,991
gettyimages-1167948522-2048x2048.jpg,2048,1324,pear,459,489,637,846
gettyimages-1167948522-2048x2048.jpg,2048,1324,pear,215,427,441,716
gettyimages-1167948522-2048x2048.jpg,2048,1324,pear,1103,402,1331,652
gettyimages-1167948522-2048x2048.jpg,2048,1324,pear,740,46,933,284
gettyimages-1167948522-2048x2048.jpg,2048,1324,pear,1056,613,1271,868
gettyimages-1167948522-2048x2048.jpg,2048,1324,pear,1330,978,1557,1234
gettyimages-1167948522-2048x2048.jpg,2048,1324,pear,831,686,985,890
gettyimages-1178066021-2048x2048.jpg,2048,1365,pear,186,776,443,1127
gettyimages-1178066021-2048x2048.jpg,2048,1365,pear,454,611,716,969
gettyimages-1178066021-2048x2048.jpg,2048,1365,pear,729,457,1007,823
gettyimages-1178066021-2048x2048.jpg,2048,1365,pear,1022,350,1265,690
gettyimages-1178066021-2048x2048.jpg,2048,1365,pear,1250,182,1547,533
gettyimages-1178066021-2048x2048.jpg,2048,1365,pear,1552,121,1781,424
gettyimages-1179643314-2048x2048.jpg,1365,2048,pear,545,742,767,1042
gettyimages-1179643314-2048x2048.jpg,1365,2048,pear,694,942,909,1202
gettyimages-1179643314-2048x2048.jpg,1365,2048,pear,50,155,298,459
gettyimages-1179643314-2048x2048.jpg,1365,2048,pear,7,1683,190,1908
gettyimages-1179643314-2048x2048.jpg,1365,2048,pear,269,621,428,840
gettyimages-1181864060-2048x2048.jpg,2048,1365,pear,1212,400,1447,678
gettyimages-1181864060-2048x2048.jpg,2048,1365,pear,1469,154,1643,513
gettyimages-1181864071-2048x2048.jpg,2048,1365,pear,1098,481,1260,726
gettyimages-1181864071-2048x2048.jpg,2048,1365,pear,1355,611,1492,845
gettyimages-1181864073-2048x2048.jpg,2048,1365,pear,878,459,985,599
gettyimages-1181864073-2048x2048.jpg,2048,1365,pear,761,564,862,693
gettyimages-1181864073-2048x2048.jpg,2048,1365,pear,878,662,971,789
gettyimages-1181864073-2048x2048.jpg,2048,1365,pear,931,755,1029,866
gettyimages-1181864073-2048x2048.jpg,2048,1365,pear,930,933,1012,1041
gettyimages-1181864073-2048x2048.jpg,2048,1365,pear,1037,1058,1119,1171
gettyimages-1181864139-2048x2048.jpg,1365,2048,pear,652,1608,815,1823
gettyimages-1181864139-2048x2048.jpg,1365,2048,pear,775,1432,945,1606
gettyimages-1195074988-2048x2048.jpg,2048,1152,pear,262,338,779,911
gettyimages-1195074988-2048x2048.jpg,2048,1152,pear,783,219,1224,942
gettyimages-1206872831-2048x2048.jpg,2048,1365,pear,495,414,665,585
gettyimages-1206872831-2048x2048.jpg,2048,1365,pear,402,235,605,444
gettyimages-1206872831-2048x2048.jpg,2048,1365,pear,414,817,551,951
gettyimages-1206872831-2048x2048.jpg,2048,1365,pear,743,358,898,595
gettyimages-1206872831-2048x2048.jpg,2048,1365,pear,1233,159,1383,358
gettyimages-1206872831-2048x2048.jpg,2048,1365,pear,1234,454,1389,637
gettyimages-1206872831-2048x2048.jpg,2048,1365,pear,1079,561,1168,768
gettyimages-1206872831-2048x2048.jpg,2048,1365,pear,1859,1,2045,119
gettyimages-1206872831-2048x2048.jpg,2048,1365,pear,1513,361,1647,495
gettyimages-1211103790-2048x2048.jpg,2048,1366,pear,781,973,920,1163
gettyimages-1211103790-2048x2048.jpg,2048,1366,pear,567,1010,685,1162
gettyimages-1211103790-2048x2048.jpg,2048,1366,pear,341,1036,481,1183
gettyimages-1211103790-2048x2048.jpg,2048,1366,pear,103,1022,248,1165
gettyimages-1211103790-2048x2048.jpg,2048,1366,pear,985,998,1088,1152
gettyimages-1211103790-2048x2048.jpg,2048,1366,pear,1152,962,1285,1135
gettyimages-1211103790-2048x2048.jpg,2048,1366,pear,1334,986,1458,1129
gettyimages-1211103790-2048x2048.jpg,2048,1366,pear,1541,1018,1645,1151
gettyimages-1211103790-2048x2048.jpg,2048,1366,pear,1713,993,1848,1158
gettyimages-121537677-2048x2048.jpg,2048,1366,pear,599,834,988,1303
gettyimages-121537677-2048x2048.jpg,2048,1366,pear,1107,632,1409,846
gettyimages-121537677-2048x2048.jpg,2048,1366,pear,1081,380,1520,663
gettyimages-122671496-2048x2048.jpg,1454,2048,pear,134,468,723,981
gettyimages-125563467-2048x2048.jpg,1365,2048,pear,560,570,945,1013
gettyimages-125563467-2048x2048.jpg,1365,2048,pear,637,140,1050,551
gettyimages-125563467-2048x2048.jpg,1365,2048,pear,290,1102,769,1643
gettyimages-130852314-2048x2048.jpg,2048,1366,pear,436,407,1019,1229
gettyimages-148743048-2048x2048.jpg,1362,2048,pear,696,266,1033,623
gettyimages-148743048-2048x2048.jpg,1362,2048,pear,528,689,890,1117
gettyimages-148743048-2048x2048.jpg,1362,2048,pear,313,1430,709,1951
gettyimages-154518540-2048x2048.jpg,2048,1366,pear,568,226,855,551
gettyimages-154518540-2048x2048.jpg,2048,1366,pear,962,884,1238,1145
gettyimages-157383066-2048x2048.jpg,2048,1365,pear,1377,532,1595,840
gettyimages-164851699-2048x2048.jpg,2048,1366,pear,374,455,920,1017
gettyimages-164851699-2048x2048.jpg,2048,1366,pear,971,284,1495,838
gettyimages-171589634-2048x2048.jpg,1418,2048,pear,720,802,1069,1249
gettyimages-172392380-2048x2048.jpg,2048,1371,pear,119,462,524,943
gettyimages-172392380-2048x2048.jpg,2048,1371,pear,376,96,838,486
gettyimages-172392380-2048x2048.jpg,2048,1371,pear,698,764,1181,1296
gettyimages-172392380-2048x2048.jpg,2048,1371,pear,878,243,1474,681
gettyimages-172392380-2048x2048.jpg,2048,1371,pear,1457,353,1885,824
gettyimages-175446778-2048x2048.jpg,2048,1392,pear,798,497,1051,786
gettyimages-175446778-2048x2048.jpg,2048,1392,pear,811,793,1095,1044
gettyimages-182188263-2048x2048.jpg,1765,2048,pear,269,744,541,1032
gettyimages-182188263-2048x2048.jpg,1765,2048,pear,111,1332,343,1615
gettyimages-182188263-2048x2048.jpg,1765,2048,pear,326,1289,511,1547
gettyimages-182188263-2048x2048.jpg,1765,2048,pear,56,1772,222,1904
gettyimages-182188263-2048x2048.jpg,1765,2048,pear,401,1747,560,1910
gettyimages-182188263-2048x2048.jpg,1765,2048,pear,324,1700,447,1819
gettyimages-182188263-2048x2048.jpg,1765,2048,pear,188,1700,318,1819
gettyimages-182188263-2048x2048.jpg,1765,2048,pear,752,1587,1188,1978
gettyimages-182188263-2048x2048.jpg,1765,2048,pear,1432,1732,1664,2006
gettyimages-182188263-2048x2048.jpg,1765,2048,pear,1392,1598,1535,1796
gettyimages-182188263-2048x2048.jpg,1765,2048,pear,1409,1074,1594,1293
gettyimages-182188263-2048x2048.jpg,1765,2048,pear,1339,636,1603,1000
gettyimages-182188263-2048x2048.jpg,1765,2048,pear,818,551,1045,853
gettyimages-182188263-2048x2048.jpg,1765,2048,pear,762,98,1009,376
gettyimages-182188263-2048x2048.jpg,1765,2048,pear,1303,55,1718,440
gettyimages-182188263-2048x2048.jpg,1765,2048,pear,654,108,826,302
gettyimages-182188263-2048x2048.jpg,1765,2048,pear,979,110,1145,289
gettyimages-182210501-2048x2048.jpg,2048,1366,pear,430,660,951,1074
gettyimages-182210501-2048x2048.jpg,2048,1366,pear,941,504,1265,969
gettyimages-182210501-2048x2048.jpg,2048,1366,pear,522,496,867,708
gettyimages-182210501-2048x2048.jpg,2048,1366,pear,138,507,482,963
gettyimages-182210501-2048x2048.jpg,2048,1366,pear,7,593,219,1022
gettyimages-185109976-2048x2048.jpg,1360,2048,pear,577,294,1006,934
gettyimages-185109976-2048x2048.jpg,1360,2048,pear,440,1451,923,1930
gettyimages-185109976-2048x2048.jpg,1360,2048,pear,944,889,1302,1302
gettyimages-492757413-2048x2048.jpg,2048,1425,pear,460,320,1167,1193
gettyimages-492757413-2048x2048.jpg,2048,1425,pear,1232,393,1636,890
gettyimages-492777767-2048x2048.jpg,2029,2048,pear,443,632,720,1038
gettyimages-492777767-2048x2048.jpg,2029,2048,pear,586,423,813,813
gettyimages-492777767-2048x2048.jpg,2029,2048,pear,254,789,490,1108
gettyimages-492777767-2048x2048.jpg,2029,2048,pear,75,749,271,1300
gettyimages-492777767-2048x2048.jpg,2029,2048,pear,1307,870,1579,1287
gettyimages-492777767-2048x2048.jpg,2029,2048,pear,1558,791,1824,1193
gettyimages-492777767-2048x2048.jpg,2029,2048,pear,1371,1440,1626,1798
gettyimages-493277016-2048x2048.jpg,2048,1709,pear,225,439,917,1516
gettyimages-495512372-2048x2048.jpg,2048,1365,pear,1029,420,1245,781
gettyimages-495512372-2048x2048.jpg,2048,1365,pear,1057,775,1231,1026
gettyimages-495512372-2048x2048.jpg,2048,1365,pear,1255,492,1451,658
gettyimages-495512372-2048x2048.jpg,2048,1365,pear,944,223,1123,530
gettyimages-525468209-2048x2048.jpg,2048,1366,pear,792,693,1175,1025
gettyimages-525468209-2048x2048.jpg,2048,1366,pear,658,483,1091,700
gettyimages-525468209-2048x2048.jpg,2048,1366,pear,757,129,1103,470
gettyimages-525468209-2048x2048.jpg,2048,1366,pear,1327,521,1583,791
gettyimages-525468209-2048x2048.jpg,2048,1366,pear,1088,553,1337,779
gettyimages-525468209-2048x2048.jpg,2048,1366,pear,1747,536,2048,842
gettyimages-57476983-2048x2048.jpg,2048,1365,pear,630,720,1178,1185
gettyimages-57476983-2048x2048.jpg,2048,1365,pear,699,175,1167,734
gettyimages-57476983-2048x2048.jpg,2048,1365,pear,1072,473,1505,842
gettyimages-579027871-2048x2048.jpg,2048,1638,pear,323,513,823,1218
gettyimages-579027871-2048x2048.jpg,2048,1638,pear,838,564,1253,1222
gettyimages-579027871-2048x2048.jpg,2048,1638,pear,1285,552,1721,1029
gettyimages-584335974-2048x2048.jpg,2048,1362,pear,327,563,961,1299
gettyimages-584335974-2048x2048.jpg,2048,1362,pear,250,178,733,687
gettyimages-584335974-2048x2048.jpg,2048,1362,pear,760,305,1179,615
gettyimages-584335974-2048x2048.jpg,2048,1362,pear,1282,204,1713,787
gettyimages-596426265-2048x2048.jpg,2048,1361,pear,498,507,823,749
gettyimages-596426265-2048x2048.jpg,2048,1361,pear,533,742,750,1059
gettyimages-596426265-2048x2048.jpg,2048,1361,pear,662,1039,893,1242
gettyimages-597065455-2048x2048.jpg,2048,1365,pear,716,293,869,430
gettyimages-597065455-2048x2048.jpg,2048,1365,pear,358,469,512,620
gettyimages-597065455-2048x2048.jpg,2048,1365,pear,907,158,1043,317
gettyimages-597065455-2048x2048.jpg,2048,1365,pear,1064,102,1227,228
gettyimages-597065455-2048x2048.jpg,2048,1365,pear,1185,268,1322,410
gettyimages-597065455-2048x2048.jpg,2048,1365,pear,1316,544,1454,710
gettyimages-597992979-2048x2048.jpg,2048,1742,pear,1355,541,1783,1094
gettyimages-599419997-2048x2048.jpg,1753,2048,pear,358,734,1186,1308
gettyimages-599419997-2048x2048.jpg,1753,2048,pear,918,338,1612,838
gettyimages-599419997-2048x2048.jpg,1753,2048,pear,205,317,812,730
gettyimages-599419997-2048x2048.jpg,1753,2048,pear,73,1238,665,1766
gettyimages-603711287-2048x2048.jpg,2048,1367,pear,583,603,1067,1208
gettyimages-603711287-2048x2048.jpg,2048,1367,pear,112,732,585,1196
gettyimages-607827336-2048x2048.jpg,1311,2048,pear,669,857,897,1219
gettyimages-607827336-2048x2048.jpg,1311,2048,pear,493,1110,695,1300
gettyimages-610625318-2048x2048.jpg,2048,1536,pear,296,469,769,1116
gettyimages-610625318-2048x2048.jpg,2048,1536,pear,794,467,1328,948
gettyimages-610625318-2048x2048.jpg,2048,1536,pear,1291,191,1969,684
gettyimages-610625318-2048x2048.jpg,2048,1536,pear,1069,1123,1610,1536
gettyimages-610625318-2048x2048.jpg,2048,1536,pear,578,7,1005,465
gettyimages-644041881-2048x2048.jpg,2048,1536,pear,842,353,1232,731
gettyimages-649985879-2048x2048.jpg,2048,1536,pear,185,1110,639,1434
gettyimages-649985879-2048x2048.jpg,2048,1536,pear,23,726,420,1077
gettyimages-649985879-2048x2048.jpg,2048,1536,pear,20,300,320,631
gettyimages-649985879-2048x2048.jpg,2048,1536,pear,174,24,405,323
gettyimages-649985879-2048x2048.jpg,2048,1536,pear,1415,643,1739,896
gettyimages-649985879-2048x2048.jpg,2048,1536,pear,1604,335,1897,635
gettyimages-649985879-2048x2048.jpg,2048,1536,pear,1566,1153,1991,1480
gettyimages-649985879-2048x2048.jpg,2048,1536,pear,1153,1127,1555,1438
gettyimages-649985879-2048x2048.jpg,2048,1536,pear,728,1057,1116,1405
gettyimages-654732353-2048x2048.jpg,2048,1536,pear,253,367,899,1396
gettyimages-660551416-2048x2048.jpg,2048,1365,pear,782,582,1106,907
gettyimages-660551416-2048x2048.jpg,2048,1365,pear,465,661,782,951
gettyimages-660551416-2048x2048.jpg,2048,1365,pear,168,666,460,952
gettyimages-660551416-2048x2048.jpg,2048,1365,pear,1102,581,1422,840
gettyimages-660551416-2048x2048.jpg,2048,1365,pear,1437,561,1751,834
gettyimages-667730393-2048x2048.jpg,2048,1536,pear,69,677,426,1134
gettyimages-667730393-2048x2048.jpg,2048,1536,pear,607,796,962,1205
gettyimages-667730393-2048x2048.jpg,2048,1536,pear,220,1204,566,1478
gettyimages-667730393-2048x2048.jpg,2048,1536,pear,936,810,1182,1034
gettyimages-667730393-2048x2048.jpg,2048,1536,pear,574,259,850,551
gettyimages-667730393-2048x2048.jpg,2048,1536,pear,902,1102,1347,1492
gettyimages-667730393-2048x2048.jpg,2048,1536,pear,1188,605,1397,961
gettyimages-670949317-2048x2048.jpg,2048,1365,pear,407,573,1055,1282
gettyimages-674035054-2048x2048.jpg,2048,1367,pear,738,480,879,622
gettyimages-674035054-2048x2048.jpg,2048,1367,pear,933,658,1120,817
gettyimages-674035054-2048x2048.jpg,2048,1367,pear,972,863,1113,998
gettyimages-674035054-2048x2048.jpg,2048,1367,pear,586,867,662,976
gettyimages-674035054-2048x2048.jpg,2048,1367,pear,165,696,341,842
gettyimages-674035054-2048x2048.jpg,2048,1367,pear,306,427,436,536
gettyimages-674035054-2048x2048.jpg,2048,1367,pear,96,901,219,1066
gettyimages-678441595-2048x2048.jpg,2048,1536,pear,170,642,686,1342
gettyimages-678441595-2048x2048.jpg,2048,1536,pear,685,750,1053,1307
gettyimages-678441595-2048x2048.jpg,2048,1536,pear,952,377,1321,953
gettyimages-688967675-2048x2048.jpg,2048,1366,pear,424,312,957,1172
gettyimages-688979071-2048x2048.jpg,1360,2048,pear,636,687,976,1098
gettyimages-688979071-2048x2048.jpg,1360,2048,pear,715,1089,1089,1298
gettyimages-688979953-2048x2048.jpg,2048,1360,pear,645,508,1024,915
gettyimages-688979953-2048x2048.jpg,2048,1360,pear,444,650,727,1101
gettyimages-688979953-2048x2048.jpg,2048,1360,pear,875,466,1227,817
gettyimages-700350204-2048x2048.jpg,1371,2048,pear,465,753,914,1270
gettyimages-72895281-2048x2048.jpg,2048,1579,pear,902,502,1203,857
gettyimages-731855735-2048x2048.jpg,2048,1365,pear,733,428,1133,909
gettyimages-731855735-2048x2048.jpg,2048,1365,pear,1026,211,1250,671
gettyimages-731855735-2048x2048.jpg,2048,1365,pear,1268,292,1667,657
gettyimages-733475815-2048x2048.jpg,2048,1365,pear,117,304,505,631
gettyimages-733475815-2048x2048.jpg,2048,1365,pear,906,26,1226,345
gettyimages-733475815-2048x2048.jpg,2048,1365,pear,1192,89,1496,475
gettyimages-733475815-2048x2048.jpg,2048,1365,pear,1512,300,1878,616
gettyimages-733475815-2048x2048.jpg,2048,1365,pear,1378,499,1701,841
gettyimages-733475815-2048x2048.jpg,2048,1365,pear,871,527,1269,834
gettyimages-750561825-2048x2048.jpg,2048,1367,pear,758,474,1114,929
gettyimages-750561825-2048x2048.jpg,2048,1367,pear,385,396,764,920
gettyimages-755749953-2048x2048.jpg,2048,1366,pear,188,622,462,849
gettyimages-755749953-2048x2048.jpg,2048,1366,pear,7,183,247,412
gettyimages-755749953-2048x2048.jpg,2048,1366,pear,462,3,691,256
gettyimages-755749953-2048x2048.jpg,2048,1366,pear,858,231,1083,508
gettyimages-755749953-2048x2048.jpg,2048,1366,pear,1252,198,1476,525
gettyimages-755749953-2048x2048.jpg,2048,1366,pear,1676,106,2005,314
gettyimages-755749953-2048x2048.jpg,2048,1366,pear,1624,579,1891,835
gettyimages-755749953-2048x2048.jpg,2048,1366,pear,719,739,1005,972
gettyimages-755749953-2048x2048.jpg,2048,1366,pear,326,1007,554,1272
gettyimages-755749953-2048x2048.jpg,2048,1366,pear,1798,1031,2012,1303
gettyimages-755749953-2048x2048.jpg,2048,1366,pear,852,1141,1065,1366
gettyimages-758558273-2048x2048.jpg,2048,1536,pear,447,761,853,1143
gettyimages-758558273-2048x2048.jpg,2048,1536,pear,866,899,1223,1189
gettyimages-758558273-2048x2048.jpg,2048,1536,pear,1310,632,1651,962
gettyimages-758558273-2048x2048.jpg,2048,1536,pear,1532,300,1899,678
gettyimages-758558273-2048x2048.jpg,2048,1536,pear,1224,213,1532,589
gettyimages-758558273-2048x2048.jpg,2048,1536,pear,662,246,1028,632
gettyimages-758558273-2048x2048.jpg,2048,1536,pear,1020,384,1255,689
gettyimages-758558273-2048x2048.jpg,2048,1536,pear,126,308,521,696
gettyimages-758558273-2048x2048.jpg,2048,1536,pear,642,1157,1118,1519
gettyimages-758558273-2048x2048.jpg,2048,1536,pear,1053,1150,1350,1513
gettyimages-758558273-2048x2048.jpg,2048,1536,pear,331,8,729,350
gettyimages-758558273-2048x2048.jpg,2048,1536,pear,928,4,1293,332
gettyimages-758558273-2048x2048.jpg,2048,1536,pear,510,442,770,688
gettyimages-758558273-2048x2048.jpg,2048,1536,pear,1099,710,1309,940
gettyimages-758558273-2048x2048.jpg,2048,1536,pear,1783,577,2048,938
gettyimages-758558273-2048x2048.jpg,2048,1536,pear,140,934,502,1261
gettyimages-760252131-2048x2048.jpg,1365,2048,pear,54,1083,469,1508
gettyimages-760252131-2048x2048.jpg,1365,2048,pear,381,951,875,1300
gettyimages-760252131-2048x2048.jpg,1365,2048,pear,194,668,701,1030
gettyimages-760252131-2048x2048.jpg,1365,2048,pear,143,289,567,640
gettyimages-760252131-2048x2048.jpg,1365,2048,pear,339,1504,764,1902
gettyimages-767963017-2048x2048.jpg,2048,1366,pear,789,565,1227,1052
gettyimages-769779573-2048x2048.jpg,2048,1366,pear,537,569,1057,1220
gettyimages-769779573-2048x2048.jpg,2048,1366,pear,936,362,1244,835
gettyimages-769779573-2048x2048.jpg,2048,1366,pear,1457,470,1769,839
gettyimages-769779573-2048x2048.jpg,2048,1366,pear,465,369,754,858
gettyimages-81985202-2048x2048.jpg,2048,1367,pear,330,374,774,990
gettyimages-81985202-2048x2048.jpg,2048,1367,pear,823,442,1227,1055
gettyimages-831389586-2048x2048.jpg,2048,1365,pear,333,55,657,458
gettyimages-831389586-2048x2048.jpg,2048,1365,pear,471,321,774,785
gettyimages-831389586-2048x2048.jpg,2048,1365,pear,791,230,1027,678
gettyimages-831389586-2048x2048.jpg,2048,1365,pear,996,285,1202,683
gettyimages-831389586-2048x2048.jpg,2048,1365,pear,1231,510,1438,678
gettyimages-84120711-2048x2048.jpg,2048,1366,pear,338,620,798,1022
gettyimages-84120711-2048x2048.jpg,2048,1366,pear,868,487,1222,908
gettyimages-84120711-2048x2048.jpg,2048,1366,pear,1312,638,1748,841
gettyimages-843935208-2048x2048.jpg,2048,1365,pear,678,933,845,1186
gettyimages-843935208-2048x2048.jpg,2048,1365,pear,840,921,991,1154
gettyimages-843935208-2048x2048.jpg,2048,1365,pear,988,920,1158,1086
gettyimages-843935208-2048x2048.jpg,2048,1365,pear,868,789,1082,933
gettyimages-873261624-2048x2048.jpg,2048,1811,pear,774,1060,1243,1597
gettyimages-88437686-2048x2048.jpg,2048,1537,pear,110,681,588,1424
gettyimages-88437686-2048x2048.jpg,2048,1537,pear,809,779,1224,1435
gettyimages-88767822-2048x2048.jpg,2048,1371,pear,679,884,1003,1160
gettyimages-88767822-2048x2048.jpg,2048,1371,pear,344,807,689,1093
gettyimages-88767822-2048x2048.jpg,2048,1371,pear,241,684,596,824
gettyimages-88767822-2048x2048.jpg,2048,1371,pear,329,555,552,686
gettyimages-88767822-2048x2048.jpg,2048,1371,pear,488,488,662,617
gettyimages-88767822-2048x2048.jpg,2048,1371,pear,591,599,743,768
gettyimages-88767822-2048x2048.jpg,2048,1371,pear,700,686,926,885
gettyimages-88767822-2048x2048.jpg,2048,1371,pear,941,707,1161,906
gettyimages-88767822-2048x2048.jpg,2048,1371,pear,983,517,1141,709
gettyimages-88767822-2048x2048.jpg,2048,1371,pear,1137,575,1309,762
gettyimages-908801054-2048x2048.jpg,2048,1285,pear,203,585,320,762
gettyimages-908801054-2048x2048.jpg,2048,1285,pear,356,574,496,782
gettyimages-908801054-2048x2048.jpg,2048,1285,pear,527,596,658,793
gettyimages-908801054-2048x2048.jpg,2048,1285,pear,683,568,832,770
gettyimages-908801054-2048x2048.jpg,2048,1285,pear,864,578,995,769
gettyimages-908801054-2048x2048.jpg,2048,1285,pear,1023,582,1168,780
gettyimages-908801054-2048x2048.jpg,2048,1285,pear,1194,592,1320,756
gettyimages-908801054-2048x2048.jpg,2048,1285,pear,1342,554,1480,753
gettyimages-908801054-2048x2048.jpg,2048,1285,pear,1503,576,1642,762
gettyimages-908801054-2048x2048.jpg,2048,1285,pear,1675,566,1810,773
gettyimages-923777274-2048x2048.jpg,2048,1366,pear,440,674,991,1134
gettyimages-923777274-2048x2048.jpg,2048,1366,pear,898,328,1252,889
gettyimages-93356400-2048x2048.jpg,2048,1371,pear,300,219,944,1223
gettyimages-93356400-2048x2048.jpg,2048,1371,pear,1098,106,1813,841
gettyimages-962508530-2048x2048.jpg,1536,2048,pear,952,393,1505,1134
gettyimages-964082808-2048x2048.jpg,2048,1536,pear,821,484,1223,1338
gettyimages-964082808-2048x2048.jpg,2048,1536,pear,440,815,853,1516
gettyimages-964082808-2048x2048.jpg,2048,1536,pear,24,721,632,1296
gettyimages-964082808-2048x2048.jpg,2048,1536,pear,585,180,1374,488
gettyimages-964082808-2048x2048.jpg,2048,1536,pear,1393,96,1997,669
gettyimages-964082808-2048x2048.jpg,2048,1536,pear,1345,1077,2048,1501
gettyimages-964082808-2048x2048.jpg,2048,1536,pear,147,5,550,684
gettyimages-971903468-2048x2048.jpg,1152,2048,pear,391,800,511,947
gettyimages-971903468-2048x2048.jpg,1152,2048,pear,477,1142,611,1298
gettyimages-971903468-2048x2048.jpg,1152,2048,pear,604,1183,681,1296
gettyimages-971903468-2048x2048.jpg,1152,2048,pear,481,1570,564,1687
gettyimages-971903468-2048x2048.jpg,1152,2048,pear,498,853,564,1015
gettyimages-971903468-2048x2048.jpg,1152,2048,pear,702,1140,774,1259
gettyimages-979503194-2048x2048.jpg,2048,1366,pear,198,362,941,1111
gettyimages-979503194-2048x2048.jpg,2048,1366,pear,761,284,1495,829
gettyimages-982273690-2048x2048.jpg,2048,1536,pear,370,615,1048,1331
gettyimages-982273690-2048x2048.jpg,2048,1536,pear,724,211,1453,632
gettyimages-982273690-2048x2048.jpg,2048,1536,pear,985,615,1983,954
gettyimages-984660672-2048x2048.jpg,2048,1356,pear,483,326,981,1015
gettyimages-986746462-2048x2048.jpg,1446,2048,pear,66,519,464,919
gettyimages-986746462-2048x2048.jpg,1446,2048,pear,468,453,868,902
gettyimages-986746462-2048x2048.jpg,1446,2048,pear,394,902,834,1283
gettyimages-986746462-2048x2048.jpg,1446,2048,pear,977,732,1368,1200
gettyimages-995458226-2048x2048.jpg,2048,1367,pear,295,291,778,594
gettyimages-995458226-2048x2048.jpg,2048,1367,pear,292,560,614,851
gettyimages-995458226-2048x2048.jpg,2048,1367,pear,558,629,876,1048
gettyimages-995458226-2048x2048.jpg,2048,1367,pear,837,853,1124,1204
gettyimages-995458226-2048x2048.jpg,2048,1367,pear,1009,448,1402,698
gettyimages-995458226-2048x2048.jpg,2048,1367,pear,1368,253,1696,515
gettyimages-995458226-2048x2048.jpg,2048,1367,pear,1088,101,1407,410
gettyimages-995458226-2048x2048.jpg,2048,1367,pear,1391,570,1683,836
gettyimages-995458226-2048x2048.jpg,2048,1367,pear,1344,980,1612,1238
gettyimages-996072756-2048x2048.jpg,2048,1367,pear,527,691,1026,1043
gettyimages-996072756-2048x2048.jpg,2048,1367,pear,651,267,1091,714
gettyimages-996072756-2048x2048.jpg,2048,1367,pear,285,438,650,945
gettyimages-997615624-2048x2048.jpg,1409,2048,pear,272,568,989,1293
gettyimages-998536994-2048x2048.jpg,2048,1367,pear,582,398,906,949
gettyimages-sb10065317c-001-2048x2048.jpg,2048,1362,pear,389,215,933,895
gettyimages-sb10065317c-001-2048x2048.jpg,2048,1362,pear,922,75,1502,692
gettyimages-sb10069791e-001-2048x2048.jpg,2048,1362,pear,661,641,847,918
gettyimages-sb10069791e-001-2048x2048.jpg,2048,1362,pear,326,382,507,623
gettyimages-sb10069791e-001-2048x2048.jpg,2048,1362,pear,1405,410,1607,672
gettyimages-sb10069791e-001-2048x2048.jpg,2048,1362,pear,1514,663,1723,840
gettyimages-sb10069791e-001-2048x2048.jpg,2048,1362,pear,714,894,881,1087
gettyimages-sb10069791e-001-2048x2048.jpg,2048,1362,pear,1043,518,1137,643
gettyimages-sb10069791e-001-2048x2048.jpg,2048,1362,pear,1198,637,1298,781
golden-2796695_1920-r.jpg,1278,1920,pear,122,488,370,1032
golden-2796695_1920-r.jpg,1278,1920,pear,472,698,818,1308
golden-2796695_1920-r.jpg,1278,1920,pear,266,874,516,1304
golden-2796695_1920-r.jpg,1278,1920,pear,156,1216,438,1610
golden-2796695_1920-r.jpg,1278,1920,pear,772,76,1084,570
golden-2796695_1920-r.jpg,1278,1920,pear,924,624,1194,1180
golden-2796695_1920-r.jpg,1278,1920,pear,458,10,782,428
golden-2796695_1920-RGB.jpg,1278,1920,pear,480,572,820,1234
golden-2796695_1920-RGB.jpg,1278,1920,pear,216,1360,500,1858
golden-2796695_1920-RGB.jpg,1278,1920,pear,66,740,326,1296
golden-2796695_1920-RGB.jpg,1278,1920,pear,306,500,570,1056
golden-2796695_1920-RGB.jpg,1278,1920,pear,900,870,1216,1450
golden-2796695_1920-RGB.jpg,1278,1920,pear,838,316,1138,686
golden-2796695_1920-RGB.jpg,1278,1920,pear,756,584,1014,1030
golden-2796695_1920.jpg,1278,1920,pear,454,566,858,1240
golden-2796695_1920.jpg,1278,1920,pear,306,466,540,1070
golden-2796695_1920.jpg,1278,1920,pear,58,726,310,1310
golden-2796695_1920.jpg,1278,1920,pear,208,1372,488,1870
golden-2796695_1920.jpg,1278,1920,pear,888,880,1186,1442
golden-2796695_1920.jpg,1278,1920,pear,800,594,1016,1060
golden-2796695_1920.jpg,1278,1920,pear,842,288,1138,688
golden-2796695_1920.jpg,1278,1920,pear,518,1498,827,1920
guille-martinez-3ZmJA_0ifCU-unsplash-RGB.jpg,4000,6000,pear,1491,2044,2928,3637
guille-martinez-3ZmJA_0ifCU-unsplash.jpg,4000,6000,pear,1528,2037,2859,3625
hanne-hoogendam-wDWRMHoRmuM-unsplash-RGB.jpg,3288,4542,pear,1451,1775,2527,2903
hanne-hoogendam-wDWRMHoRmuM-unsplash.jpg,3288,4542,pear,1446,1813,2503,2903
moritz-kindler-bLPjs4Kw9JU-unsplash.jpg,4000,6000,pear,703,1519,3303,4525
olesia-misty-112lUKNbNwM-unsplash-RGB.jpg,3456,5184,pear,497,2147,1597,3430
olesia-misty-112lUKNbNwM-unsplash-RGB.jpg,3456,5184,pear,1619,2780,2835,4086
olesia-misty-112lUKNbNwM-unsplash.jpg,3456,5184,pear,452,2103,1552,3508
olesia-misty-112lUKNbNwM-unsplash.jpg,3456,5184,pear,1591,2753,2824,4114
olesia-misty-c6nNZ8g7o68-unsplash-RGB.jpg,3456,5184,pear,1124,480,2402,1764
olesia-misty-c6nNZ8g7o68-unsplash-RGB.jpg,3456,5184,pear,1213,1742,2552,2475
olesia-misty-c6nNZ8g7o68-unsplash-RGB.jpg,3456,5184,pear,447,1097,1230,2297
olesia-misty-c6nNZ8g7o68-unsplash-RGB.jpg,3456,5184,pear,435,292,1224,1036
olesia-misty-c6nNZ8g7o68-unsplash-RGB.jpg,3456,5184,pear,63,3258,830,4203
olesia-misty-c6nNZ8g7o68-unsplash-RGB.jpg,3456,5184,pear,28,4174,730,5135
olesia-misty-c6nNZ8g7o68-unsplash.jpg,3456,5184,pear,1163,536,2385,1769
olesia-misty-c6nNZ8g7o68-unsplash.jpg,3456,5184,pear,402,342,1252,1075
olesia-misty-c6nNZ8g7o68-unsplash.jpg,3456,5184,pear,424,1125,1174,2269
olesia-misty-c6nNZ8g7o68-unsplash.jpg,3456,5184,pear,1180,1758,2602,2458
olesia-misty-c6nNZ8g7o68-unsplash.jpg,3456,5184,pear,2197,475,2847,1753
olesia-misty-c6nNZ8g7o68-unsplash.jpg,3456,5184,pear,19,3208,858,4214
olesia-misty-c6nNZ8g7o68-unsplash.jpg,3456,5184,pear,30,4180,747,5069
pair-952187_1920.jpg,1920,1440,pear,475,483,1174,1148
pair-952187_1920.jpg,1920,1440,pear,1099,556,1748,1268
pear-1041925_1920-RGB.jpg,1920,1440,pear,814,706,1151,1293
pear-1041925_1920-RGB.jpg,1920,1440,pear,1447,414,1787,1081
pear-1041925_1920-RGB.jpg,1920,1440,pear,538,41,853,617
pear-1041925_1920-RGB.jpg,1920,1440,pear,499,575,802,829
pear-1041925_1920-RGB.jpg,1920,1440,pear,66,384,278,760
pear-1041925_1920-RGB.jpg,1920,1440,pear,290,417,462,696
pear-1041925_1920.jpg,1920,1440,pear,65,389,280,751
pear-1041925_1920.jpg,1920,1440,pear,278,424,444,702
pear-1041925_1920.jpg,1920,1440,pear,502,577,802,809
pear-1041925_1920.jpg,1920,1440,pear,580,771,836,1055
pear-1041925_1920.jpg,1920,1440,pear,804,723,1160,1299
pear-1041925_1920.jpg,1920,1440,pear,1478,406,1813,1075
pear-1041925_1920.jpg,1920,1440,pear,566,45,835,609
pear-1385669_1920-RGB.jpg,1440,1920,pear,493,144,675,484
pear-1385669_1920-RGB.jpg,1440,1920,pear,249,864,379,1180
pear-1385669_1920-RGB.jpg,1440,1920,pear,485,1334,663,1514
pear-1385669_1920-RGB.jpg,1440,1920,pear,693,1504,895,1766
pear-1385669_1920-RGB.jpg,1440,1920,pear,877,1494,1053,1762
pear-1385669_1920.jpg,1440,1920,pear,487,140,671,478
pear-1385669_1920.jpg,1440,1920,pear,239,872,375,1186
pear-1385669_1920.jpg,1440,1920,pear,479,1334,665,1524
pear-1385669_1920.jpg,1440,1920,pear,681,1504,885,1760
pear-1385669_1920.jpg,1440,1920,pear,875,1494,1047,1768
pear-1437000_1920.jpg,1080,1920,pear,391,594,1047,1528
pear-1547437_1920-RGB.jpg,1920,1440,pear,492,223,1199,1342
pear-1547437_1920.jpg,1920,1440,pear,450,223,1181,1332
pear-1594994_1920.jpg,1920,1280,pear,653,435,1115,1016
pear-1697666_1920.jpg,1920,1280,pear,95,360,836,1200
pear-1697666_1920.jpg,1920,1280,pear,808,295,1507,1042
pear-1711534_1920-RGB.jpg,1920,1280,pear,319,341,1369,1042
pear-1711534_1920.jpg,1920,1280,pear,335,310,1381,1079
pear-173806_1920.jpg,1920,1440,pear,1089,693,1278,941
pear-173806_1920.jpg,1920,1440,pear,1563,641,1762,889
pear-173806_1920.jpg,1920,1440,pear,438,656,623,889
pear-173806_1920.jpg,1920,1440,pear,204,802,396,1048
pear-220477.jpg,1280,1920,pear,373,572,925,1560
pear-2297977_1920-RGB.jpg,1920,1280,pear,502,440,1235,1263
pear-2297977_1920-RGB.jpg,1920,1280,pear,41,479,541,1217
pear-2297977_1920.jpg,1920,1280,pear,489,421,1249,1260
pear-2297977_1920.jpg,1920,1280,pear,58,477,526,1218
pear-2297979_1920.jpg,1920,1280,pear,460,138,1376,700
pear-2297979_1920.jpg,1920,1280,pear,645,667,1565,1199
pear-2549204_1920.jpg,1920,1440,pear,709,172,1371,1039
pear-265563_1920.jpg,1920,1280,pear,918,269,1294,635
pear-265563_1920.jpg,1920,1280,pear,856,765,1220,1099
pear-265563_1920.jpg,1920,1280,pear,1112,642,1358,894
pear-265563_1920.jpg,1920,1280,pear,918,644,1112,808
pear-265563_1920.jpg,1920,1280,pear,682,304,890,641
pear-265563_1920.jpg,1920,1280,pear,468,485,743,745
pear-265563_1920.jpg,1920,1280,pear,570,721,823,925
pear-265563_1920.jpg,1920,1280,pear,695,874,933,1123
pear-2808831_1920-RGB.jpg,1920,1440,pear,1569,590,1765,851
pear-2808831_1920-RGB.jpg,1920,1440,pear,1396,548,1568,797
pear-2808831_1920-RGB.jpg,1920,1440,pear,1280,206,1445,377
pear-2808831_1920-RGB.jpg,1920,1440,pear,763,1138,956,1351
pear-2808831_1920-RGB.jpg,1920,1440,pear,1274,647,1414,832
pear-2808831_1920-RGB.jpg,1920,1440,pear,371,965,538,1112
pear-2808831_1920.jpg,1920,1440,pear,1568,592,1757,854
pear-2808831_1920.jpg,1920,1440,pear,1407,545,1568,794
pear-2808831_1920.jpg,1920,1440,pear,1284,224,1451,386
pear-2808831_1920.jpg,1920,1440,pear,1256,638,1408,832
pear-2808831_1920.jpg,1920,1440,pear,759,1141,954,1348
pear-2808831_1920.jpg,1920,1440,pear,366,963,542,1114
pear-2812136_1920-RGB.jpg,1280,1920,pear,297,800,925,1622
pear-2812136_1920.jpg,1280,1920,pear,295,794,927,1626
pear-2900583_1920-RGB.jpg,1920,1920,pear,523,1036,1007,1352
pear-2900583_1920-RGB.jpg,1920,1920,pear,981,1320,1327,1844
pear-2900583_1920-RGB.jpg,1920,1920,pear,1095,494,1515,828
pear-2900583_1920-RGB.jpg,1920,1920,pear,935,732,1245,1238
pear-2900583_1920-RGB.jpg,1920,1920,pear,1281,872,1623,1234
pear-2900583_1920-RGB.jpg,1920,1920,pear,1269,1230,1769,1656
pear-2900583_1920-RGB.jpg,1920,1920,pear,171,824,527,1218
pear-2900583_1920-RGB.jpg,1920,1920,pear,523,588,901,1004
pear-2900583_1920-RGB.jpg,1920,1920,pear,553,1342,975,1860
pear-2900583_1920.jpg,1920,1920,pear,527,1030,1021,1342
pear-2900583_1920.jpg,1920,1920,pear,1111,510,1517,836
pear-2900583_1920.jpg,1920,1920,pear,907,744,1251,1238
pear-2900583_1920.jpg,1920,1920,pear,1269,910,1631,1242
pear-2900583_1920.jpg,1920,1920,pear,1501,534,1845,1036
pear-2900583_1920.jpg,1920,1920,pear,523,610,901,1018
pear-2900583_1920.jpg,1920,1920,pear,169,830,539,1200
pear-2900583_1920.jpg,1920,1920,pear,1003,1344,1343,1860
pear-2900583_1920.jpg,1920,1920,pear,1251,1232,1775,1662
pear-2900583_1920.jpg,1920,1920,pear,553,1336,977,1854
pear-338984_1920-RGB.jpg,1920,1080,pear,810,279,1140,704
pear-338984_1920.jpg,1920,1080,pear,810,279,1136,699
pear-3433161_1920-RGB.jpg,1920,1362,pear,373,622,1014,1243
pear-3433161_1920-RGB.jpg,1920,1362,pear,967,461,1517,1120
pear-3433161_1920.jpg,1920,1362,pear,379,640,1004,1201
pear-3433161_1920.jpg,1920,1362,pear,960,460,1517,1130
pear-3560106_1920-RGB-RGB.jpg,1920,1280,pear,537,324,1130,1066
pear-3560106_1920-RGB.jpg,1920,1280,pear,553,303,1057,1086
pear-3560106_1920.jpg,1920,1280,pear,551,340,1120,1077
pear-3570895_1920.jpg,1920,1280,pear,1294,461,1806,1160
pear-3570895_1920.jpg,1920,1280,pear,170,293,631,1008
pear-3571208_1920.jpg,1920,1280,pear,675,140,1188,863
pear-3571208_1920.jpg,1920,1280,pear,1260,129,1661,545
pear-3571208_1920.jpg,1920,1280,pear,131,616,545,1217
pear-3588115_1920-RGB.jpg,1920,1080,pear,960,427,1321,754
pear-3588115_1920-RGB.jpg,1920,1080,pear,686,447,950,771
pear-3588115_1920.jpg,1920,1080,pear,690,452,956,759
pear-3588115_1920.jpg,1920,1080,pear,953,441,1321,745
pear-3602848_1920-RGB.jpg,1920,1441,pear,318,381,960,1190
pear-3602848_1920-RGB.jpg,1920,1441,pear,1075,654,1683,1289
pear-3602848_1920.jpg,1920,1441,pear,292,377,966,1196
pear-3602848_1920.jpg,1920,1441,pear,1096,618,1689,1300
pear-3637045_1920-RGB.jpg,1920,1282,pear,452,232,703,680
pear-3637045_1920-RGB.jpg,1920,1282,pear,742,591,1024,955
pear-3637045_1920-RGB.jpg,1920,1282,pear,1232,190,1532,634
pear-3637045_1920.jpg,1920,1282,pear,419,179,688,679
pear-3637045_1920.jpg,1920,1282,pear,712,538,1010,960
pear-3637045_1920.jpg,1920,1282,pear,1230,187,1519,627
pear-409396_1920-RGB.jpg,1920,1276,pear,872,542,1268,1092
pear-409396_1920.jpg,1920,1276,pear,883,551,1261,1088
pear-419187_1920-RGB.jpg,1920,1440,pear,641,347,904,709
pear-419187_1920-RGB.jpg,1920,1440,pear,907,527,1150,826
pear-419187_1920-RGB.jpg,1920,1440,pear,1280,306,1504,511
pear-419187_1920.jpg,1920,1440,pear,635,362,904,699
pear-419187_1920.jpg,1920,1440,pear,921,530,1157,821
pear-419187_1920.jpg,1920,1440,pear,1274,321,1505,542
pear-421852_1920.jpg,1920,1278,pear,412,109,553,255
pear-421852_1920.jpg,1920,1278,pear,276,187,412,314
pear-421852_1920.jpg,1920,1278,pear,141,222,273,323
pear-421852_1920.jpg,1920,1278,pear,791,259,922,394
pear-421852_1920.jpg,1920,1278,pear,547,755,694,887
pear-421852_1920.jpg,1920,1278,pear,690,778,802,893
pear-421852_1920.jpg,1920,1278,pear,491,1051,641,1189
pear-421852_1920.jpg,1920,1278,pear,1082,1062,1219,1205
pear-421852_1920.jpg,1920,1278,pear,1593,544,1728,668
pear-4462952_1920-RGB.jpg,1920,1280,pear,885,277,1381,1117
pear-4462952_1920.jpg,1920,1280,pear,903,257,1380,1133
pear-4467817_1920-RGB.jpg,1920,1280,pear,786,307,1268,1027
pear-4467817_1920.jpg,1920,1280,pear,757,286,1265,1042
pear-4511666_1920-RGB.jpg,1920,1281,pear,847,456,1040,762
pear-4511666_1920.jpg,1920,1281,pear,836,461,1036,770
pear-453828_1920-RGB.jpg,1920,1276,pear,1166,401,1340,726
pear-453828_1920-RGB.jpg,1920,1276,pear,823,539,994,742
pear-453828_1920-RGB.jpg,1920,1276,pear,1449,893,1614,1181
pear-453828_1920.jpg,1920,1276,pear,1169,411,1344,729
pear-453828_1920.jpg,1920,1276,pear,822,540,989,730
pear-453828_1920.jpg,1920,1276,pear,1457,898,1603,1171
pear-453828_1920.jpg,1920,1276,pear,1120,35,1239,293
pear-4658991_1920-RGB.jpg,1920,1280,pear,812,331,1106,806
pear-4658991_1920.jpg,1920,1280,pear,824,332,1086,804
pear-928023_1920.jpg,1920,1280,pear,786,385,1127,917
pear-939763_1920.jpg,1920,1285,pear,706,393,1120,966
pear-summer-macro.jpg,800,531,pear,305,92,499,410
pears-1011778_1920.jpg,1920,1477,pear,122,480,1019,1424
pears-1011778_1920.jpg,1920,1477,pear,1015,361,1807,1403
pears-1159014_1920.jpg,1920,1240,pear,185,299,726,974
pears-1159014_1920.jpg,1920,1240,pear,723,346,1224,966
pears-1159014_1920.jpg,1920,1240,pear,1210,354,1702,974
pears-1476847_1920-RGB.jpg,1920,1280,pear,783,449,961,636
pears-1476847_1920-RGB.jpg,1920,1280,pear,552,529,722,737
pears-1476847_1920-RGB.jpg,1920,1280,pear,1031,649,1191,811
pears-1476847_1920-RGB.jpg,1920,1280,pear,1218,798,1419,1002
pears-1476847_1920-RGB.jpg,1920,1280,pear,1227,999,1385,1165
pears-1476847_1920.jpg,1920,1280,pear,780,456,966,637
pears-1476847_1920.jpg,1920,1280,pear,542,541,733,733
pears-1476847_1920.jpg,1920,1280,pear,1023,648,1187,810
pears-1476847_1920.jpg,1920,1280,pear,1208,803,1416,1000
pears-1476847_1920.jpg,1920,1280,pear,966,575,1097,724
pears-1476847_1920.jpg,1920,1280,pear,1223,1004,1374,1154
pears-1476847_1920.jpg,1920,1280,pear,222,988,366,1211
pears-1476848_1920-RGB.jpg,1280,1920,pear,533,1370,777,1710
pears-1476848_1920-RGB.jpg,1280,1920,pear,439,1310,613,1522
pears-1476848_1920-RGB.jpg,1280,1920,pear,539,698,773,940
pears-1476848_1920-RGB.jpg,1280,1920,pear,847,766,1039,994
pears-1476848_1920-RGB.jpg,1280,1920,pear,771,56,1017,356
pears-1476848_1920-RGB.jpg,1280,1920,pear,601,258,807,526
pears-1476848_1920-RGB.jpg,1280,1920,pear,419,240,609,510
pears-1476848_1920.jpg,1280,1920,pear,537,1348,759,1722
pears-1476848_1920.jpg,1280,1920,pear,439,1316,605,1526
pears-1476848_1920.jpg,1280,1920,pear,551,702,775,950
pears-1476848_1920.jpg,1280,1920,pear,863,762,1043,986
pears-1476848_1920.jpg,1280,1920,pear,771,70,1013,348
pears-1476848_1920.jpg,1280,1920,pear,611,254,807,520
pears-1476848_1920.jpg,1280,1920,pear,417,236,617,514
pears-1485229_1920-RGB.jpg,1920,1194,pear,1101,514,1469,842
pears-1485229_1920-RGB.jpg,1920,1194,pear,1461,438,1758,823
pears-1485229_1920-RGB.jpg,1920,1194,pear,530,504,899,868
pears-1485229_1920.jpg,1920,1194,pear,526,523,884,852
pears-1485229_1920.jpg,1920,1194,pear,1095,511,1470,846
pears-1485229_1920.jpg,1920,1194,pear,1476,439,1761,818
pears-1611202_1920-RGB.jpg,1920,1280,pear,137,616,390,894
pears-1611202_1920-RGB.jpg,1920,1280,pear,455,491,711,748
pears-1611202_1920-RGB.jpg,1920,1280,pear,794,769,1024,996
pears-1611202_1920-RGB.jpg,1920,1280,pear,1060,991,1340,1252
pears-1611202_1920-RGB.jpg,1920,1280,pear,714,661,880,903
pears-1611202_1920.jpg,1920,1280,pear,805,760,1026,992
pears-1611202_1920.jpg,1920,1280,pear,1062,991,1340,1254
pears-1611202_1920.jpg,1920,1280,pear,724,663,890,871
pears-1611202_1920.jpg,1920,1280,pear,458,486,716,749
pears-1611202_1920.jpg,1920,1280,pear,150,612,390,903
pears-1612531_1280.jpg,1280,853,pear,368,81,668,337
pears-1612531_1280.jpg,1280,853,pear,683,99,882,325
pears-1612531_1280.jpg,1280,853,pear,338,528,575,836
pears-1612531_1280.jpg,1280,853,pear,453,302,670,537
pears-1612532_1920.jpg,1920,1280,pear,870,8,1398,545
pears-1612532_1920.jpg,1920,1280,pear,844,511,1258,1113
pears-1612532_1920.jpg,1920,1280,pear,457,527,811,1166
pears-1612534_1280.jpg,1280,853,pear,400,581,641,826
pears-1612534_1280.jpg,1280,853,pear,141,577,373,841
pears-1612534_1280.jpg,1280,853,pear,205,159,441,388
pears-1612534_1280.jpg,1280,853,pear,755,324,902,560
pears-1612534_1280.jpg,1280,853,pear,611,373,804,619
pears-1612534_1920.jpg,1920,1280,pear,590,869,955,1241
pears-1612534_1920.jpg,1920,1280,pear,207,854,566,1254
pears-1612534_1920.jpg,1920,1280,pear,311,254,661,581
pears-1612534_1920.jpg,1920,1280,pear,1137,495,1362,878
pears-1612534_1920.jpg,1920,1280,pear,918,581,1201,953
pears-1633681_1920-RGB.jpg,1920,1276,pear,1094,351,1216,479
pears-1633681_1920-RGB.jpg,1920,1276,pear,837,160,948,265
pears-1633681_1920-RGB.jpg,1920,1276,pear,377,264,508,425
pears-1633681_1920-RGB.jpg,1920,1276,pear,368,152,470,255
pears-1633681_1920-RGB.jpg,1920,1276,pear,170,672,280,814
pears-1633681_1920-RGB.jpg,1920,1276,pear,351,743,466,852
pears-1633681_1920-RGB.jpg,1920,1276,pear,190,914,299,1040
pears-1633681_1920-RGB.jpg,1920,1276,pear,243,1017,355,1148
pears-1633681_1920-RGB.jpg,1920,1276,pear,201,1059,286,1213
pears-1633681_1920-RGB.jpg,1920,1276,pear,526,996,643,1118
pears-1633681_1920-RGB.jpg,1920,1276,pear,906,1035,1023,1181
pears-1633681_1920-RGB.jpg,1920,1276,pear,1027,1104,1123,1183
pears-1633681_1920-RGB.jpg,1920,1276,pear,1424,761,1544,910
pears-1633681_1920-RGB.jpg,1920,1276,pear,1532,850,1639,968
pears-1633681_1920-RGB.jpg,1920,1276,pear,1347,717,1451,834
pears-1633681_1920-RGB.jpg,1920,1276,pear,977,509,1052,604
pears-1633681_1920-RGB.jpg,1920,1276,pear,1249,384,1355,490
pears-1633681_1920-RGB.jpg,1920,1276,pear,1366,393,1473,525
pears-1633681_1920-RGB.jpg,1920,1276,pear,1474,401,1574,518
pears-1633681_1920-RGB.jpg,1920,1276,pear,1406,527,1518,640
pears-1633681_1920-RGB.jpg,1920,1276,pear,1751,175,1861,284
pears-1633681_1920-RGB.jpg,1920,1276,pear,1070,458,1152,579
pears-1633681_1920-RGB.jpg,1920,1276,pear,1182,458,1281,568
pears-1633681_1920.jpg,1920,1276,pear,381,263,510,421
pears-1633681_1920.jpg,1920,1276,pear,373,146,470,251
pears-1633681_1920.jpg,1920,1276,pear,836,143,947,267
pears-1633681_1920.jpg,1920,1276,pear,1091,352,1212,475
pears-1633681_1920.jpg,1920,1276,pear,1244,376,1355,494
pears-1633681_1920.jpg,1920,1276,pear,1366,401,1468,522
pears-1633681_1920.jpg,1920,1276,pear,1470,408,1569,518
pears-1633681_1920.jpg,1920,1276,pear,1335,160,1436,250
pears-1633681_1920.jpg,1920,1276,pear,1177,139,1278,246
pears-1633681_1920.jpg,1920,1276,pear,1424,742,1536,915
pears-1633681_1920.jpg,1920,1276,pear,1531,843,1643,967
pears-1633681_1920.jpg,1920,1276,pear,1347,705,1448,829
pears-1633681_1920.jpg,1920,1276,pear,905,1033,1018,1186
pears-1633681_1920.jpg,1920,1276,pear,1027,1090,1116,1198
pears-1633681_1920.jpg,1920,1276,pear,528,986,630,1122
pears-1633681_1920.jpg,1920,1276,pear,181,921,303,1038
pears-1633681_1920.jpg,1920,1276,pear,357,730,470,854
pears-1633681_1920.jpg,1920,1276,pear,158,680,281,815
pears-1633681_1920.jpg,1920,1276,pear,243,1011,352,1150
pears-1633681_1920.jpg,1920,1276,pear,1406,517,1514,640
pears-1633681_1920.jpg,1920,1276,pear,1751,180,1865,279
pears-1633681_1920.jpg,1920,1276,pear,1774,281,1877,377
pears-1633681_1920.jpg,1920,1276,pear,605,818,707,894
pears-1633681_1920.jpg,1920,1276,pear,840,783,936,873
pears-1633681_1920.jpg,1920,1276,pear,981,510,1055,597
pears-1633681_1920.jpg,1920,1276,pear,944,192,1036,286
pears-1633796.jpg,3008,2000,pear,948,1420,1096,1610
pears-1633796.jpg,3008,2000,pear,796,1452,950,1695
pears-1633796.jpg,3008,2000,pear,567,1402,759,1581
pears-1633796.jpg,3008,2000,pear,656,650,823,885
pears-1633796.jpg,3008,2000,pear,844,1000,990,1191
pears-1633796.jpg,3008,2000,pear,1431,1068,1573,1223
pears-1633796.jpg,3008,2000,pear,1415,654,1567,837
pears-1633796.jpg,3008,2000,pear,517,695,650,910
pears-1633796.jpg,3008,2000,pear,715,410,863,575
pears-1633796.jpg,3008,2000,pear,869,379,1017,537
pears-1633796.jpg,3008,2000,pear,1042,325,1163,500
pears-1633796.jpg,3008,2000,pear,742,8,890,143
pears-1633796.jpg,3008,2000,pear,938,1712,1109,1891
pears-1633796.jpg,3008,2000,pear,2242,1275,2411,1498
pears-1633796.jpg,3008,2000,pear,2142,1456,2294,1648
pears-1633796.jpg,3008,2000,pear,2302,1612,2469,1858
pears-1633796.jpg,3008,2000,pear,2267,954,2425,1141
pears-1633796.jpg,3008,2000,pear,2009,1023,2179,1237
pears-1633796.jpg,3008,2000,pear,2356,1054,2496,1189
pears-1633796.jpg,3008,2000,pear,2440,1593,2586,1812
pears-1633796.jpg,3008,2000,pear,2154,306,2319,466
pears-1633796.jpg,3008,2000,pear,2054,368,2202,535
pears-1633796.jpg,3008,2000,pear,1875,708,2046,931
pears-1633796.jpg,3008,2000,pear,1654,339,1792,573
pears-1633796.jpg,3008,2000,pear,2115,612,2252,795
pears-1638250_1920-RGB.jpg,1920,1440,pear,1023,429,1186,632
pears-1638250_1920-RGB.jpg,1920,1440,pear,1187,397,1347,550
pears-1638250_1920-RGB.jpg,1920,1440,pear,784,727,951,932
pears-1638250_1920-RGB.jpg,1920,1440,pear,1523,1015,1699,1203
pears-1638250_1920-RGB.jpg,1920,1440,pear,430,1277,569,1421
pears-1638250_1920-RGB.jpg,1920,1440,pear,250,250,384,400
pears-1638250_1920-RGB.jpg,1920,1440,pear,778,990,880,1092
pears-1638250_1920-RGB.jpg,1920,1440,pear,799,327,881,418
pears-1638250_1920.jpg,1920,1440,pear,1027,433,1181,627
pears-1638250_1920.jpg,1920,1440,pear,1196,377,1342,557
pears-1638250_1920.jpg,1920,1440,pear,1520,1011,1693,1208
pears-1638250_1920.jpg,1920,1440,pear,793,696,950,929
pears-1638250_1920.jpg,1920,1440,pear,780,999,887,1092
pears-1638250_1920.jpg,1920,1440,pear,435,1289,571,1420
pears-1638250_1920.jpg,1920,1440,pear,248,263,368,400
pears-1638250_1920.jpg,1920,1440,pear,786,324,889,418
pears-1639117_1920-RGB.jpg,1920,1278,pear,1074,616,1372,1028
pears-1639117_1920-RGB.jpg,1920,1278,pear,1026,268,1297,632
pears-1639117_1920.jpg,1920,1278,pear,1057,249,1298,641
pears-1639117_1920.jpg,1920,1278,pear,1070,645,1385,1027
pears-1735178_1920.jpg,1920,1280,pear,123,329,1058,1020
pears-1735178_1920.jpg,1920,1280,pear,664,336,1589,962
pears-226871_1920-RGB.jpg,1445,1920,pear,943,226,1389,862
pears-226871_1920-RGB.jpg,1445,1920,pear,469,780,897,1332
pears-226871_1920.jpg,1445,1920,pear,509,802,911,1340
pears-226871_1920.jpg,1445,1920,pear,945,260,1349,852
pears-2666037_1920.jpg,1920,1435,pear,54,327,1011,1312
pears-2666037_1920.jpg,1920,1435,pear,1065,44,1877,1380
pears-2684109_1920.jpg,1920,1280,pear,1269,710,1793,1198
pears-2684109_1920.jpg,1920,1280,pear,423,529,814,1017
pears-2684109_1920.jpg,1920,1280,pear,577,813,1187,1271
pears-2709608_1920.jpg,1920,1280,pear,827,416,1376,1007
pears-2709608_1920.jpg,1920,1280,pear,389,648,853,1117
pears-2730499_1920.jpg,1920,1280,pear,594,553,791,794
pears-2730499_1920.jpg,1920,1280,pear,1069,836,1298,1200
pears-2730499_1920.jpg,1920,1280,pear,423,900,628,1106
pears-2730499_1920.jpg,1920,1280,pear,231,21,374,211
pears-2919325_1920-RGB.jpg,1920,1445,pear,591,756,1243,1437
pears-2919325_1920-RGB.jpg,1920,1445,pear,71,456,654,1186
pears-2919325_1920-RGB.jpg,1920,1445,pear,314,129,769,629
pears-2919325_1920-RGB.jpg,1920,1445,pear,751,261,1456,728
pears-2919325_1920-RGB.jpg,1920,1445,pear,1257,501,1845,1131
pears-2919325_1920.jpg,1920,1445,pear,89,489,654,1191
pears-2919325_1920.jpg,1920,1445,pear,577,701,1238,1443
pears-2919325_1920.jpg,1920,1445,pear,760,255,1444,695
pears-2919325_1920.jpg,1920,1445,pear,1214,489,1844,1122
pears-2919325_1920.jpg,1920,1445,pear,312,137,765,567
pears-2961512_1920.jpg,1920,1342,pear,141,577,823,1236
pears-2961512_1920.jpg,1920,1342,pear,183,95,625,620
pears-2961512_1920.jpg,1920,1342,pear,667,41,1088,757
pears-2961512_1920.jpg,1920,1342,pear,901,311,1421,1199
pears-2961512_1920.jpg,1920,1342,pear,1309,222,1832,1263
pears-317979.jpg,3648,2736,pear,582,1553,1048,2422
pears-3481483_1920.jpg,1920,1252,pear,801,685,1066,1101
pears-3481483_1920.jpg,1920,1252,pear,1041,585,1298,919
pears-3481483_1920.jpg,1920,1252,pear,1181,327,1375,594
pears-3481483_1920.jpg,1920,1252,pear,302,777,610,1174
pears-3481483_1920.jpg,1920,1252,pear,323,156,711,389
pears-3633119_1920-RGB.jpg,1920,1280,pear,245,298,631,761
pears-3633119_1920-RGB.jpg,1920,1280,pear,207,750,565,1110
pears-3633119_1920-RGB.jpg,1920,1280,pear,837,421,1193,877
pears-3633119_1920-RGB.jpg,1920,1280,pear,585,513,853,892
pears-3633119_1920-RGB.jpg,1920,1280,pear,1436,231,1777,633
pears-3633119_1920-RGB.jpg,1920,1280,pear,1106,271,1426,610
pears-3633119_1920.jpg,1920,1280,pear,244,283,611,754
pears-3633119_1920.jpg,1920,1280,pear,210,744,560,1113
pears-3633119_1920.jpg,1920,1280,pear,620,502,852,898
pears-3633119_1920.jpg,1920,1280,pear,857,424,1202,875
pears-3633119_1920.jpg,1920,1280,pear,1437,231,1773,629
pears-3633119_1920.jpg,1920,1280,pear,1105,287,1418,636
pears-3633119_1920.jpg,1920,1280,pear,618,132,998,496
pears-3644767_1920.jpg,1283,1920,pear,578,400,1070,1120
pears-3644767_1920.jpg,1283,1920,pear,294,560,700,1562
pears-3656370_1280.jpg,1280,855,pear,246,323,520,653
pears-3656370_1280.jpg,1280,855,pear,573,369,833,658
pears-3656370_1920.jpg,1920,1282,pear,375,494,783,974
pears-3656370_1920.jpg,1920,1282,pear,864,535,1252,998
pears-3673477_1920-r.jpg,1280,1920,pear,381,640,775,980
pears-3673477_1920-r.jpg,1280,1920,pear,199,930,637,1162
pears-3673477_1920-r.jpg,1280,1920,pear,171,128,565,306
pears-3673477_1920-RGB.jpg,1920,1280,pear,945,374,1265,774
pears-3673477_1920-RGB.jpg,1920,1280,pear,789,217,990,629
pears-3673477_1920-RGB.jpg,1920,1280,pear,1608,200,1816,558
pears-3673477_1920.jpg,1920,1280,pear,982,363,1270,760
pears-3673477_1920.jpg,1920,1280,pear,769,221,993,637
pears-3673477_1920.jpg,1920,1280,pear,1620,182,1823,546
pears-3703015_1920-r.jpg,1280,1920,pear,265,790,991,1282
pears-3703015_1920-r.jpg,1280,1920,pear,155,1264,803,1724
pears-3703015_1920-r.jpg,1280,1920,pear,743,416,1231,876
pears-3703015_1920.jpg,1920,1280,pear,183,161,643,795
pears-3703015_1920.jpg,1920,1280,pear,631,265,1115,998
pears-3703015_1920.jpg,1920,1280,pear,1051,677,1501,1220
pears-4300273_1920-r.jpg,1280,1920,pear,399,894,1165,1476
pears-4300273_1920-r.jpg,1280,1920,pear,291,604,837,996
pears-4300273_1920-RGB.jpg,1920,1280,pear,394,370,997,1148
pears-4300273_1920-RGB.jpg,1920,1280,pear,924,273,1245,840
pears-4300273_1920.jpg,1920,1280,pear,430,366,1027,1148
pears-4300273_1920.jpg,1920,1280,pear,920,266,1257,836
pears-4362196_1920-r.jpg,1280,1920,pear,199,638,543,984
pears-4362196_1920-r.jpg,1280,1920,pear,685,648,1141,980
pears-4362196_1920-r.jpg,1280,1920,pear,555,150,885,454
pears-4362196_1920-r.jpg,1280,1920,pear,885,308,1161,570
pears-4362196_1920.jpg,1920,1280,pear,939,190,1310,537
pears-4362196_1920.jpg,1920,1280,pear,1477,549,1776,892
pears-4362196_1920.jpg,1920,1280,pear,1333,828,1607,1166
pears-4362196_1920.jpg,1920,1280,pear,931,670,1264,1135
pears-4499067_1920-r.jpg,1920,1280,pear,218,640,651,938
pears-4499067_1920-r.jpg,1920,1280,pear,303,338,732,652
pears-4499067_1920-r.jpg,1920,1280,pear,810,512,1231,810
pears-4499067_1920-r.jpg,1920,1280,pear,1344,756,1724,1021
pears-4499067_1920-r.jpg,1920,1280,pear,1212,194,1597,445
pears-4499067_1920.jpg,1280,1920,pear,335,188,663,644
pears-4499067_1920.jpg,1280,1920,pear,649,306,955,748
pears-4499067_1920.jpg,1280,1920,pear,467,814,771,1236
pears-4499067_1920.jpg,1280,1920,pear,255,1348,545,1730
pears-4499067_1920.jpg,1280,1920,pear,829,1218,1089,1586
pears-4511908_1920-r.jpg,1280,1920,pear,485,618,837,902
pears-4511908_1920-r.jpg,1280,1920,pear,525,364,837,592
pears-4511908_1920-RGB.jpg,1920,1280,pear,1033,479,1319,831
pears-4511908_1920-RGB.jpg,1920,1280,pear,1320,488,1551,835
pears-4511908_1920.jpg,1920,1280,pear,1037,478,1319,838
pears-4511908_1920.jpg,1920,1280,pear,1315,507,1557,831
pears-4549125_1920-r.jpg,1920,1440,pear,636,235,1489,808
pears-4549125_1920-r.jpg,1920,1440,pear,785,754,1547,1256
pears-4549125_1920.jpg,1440,1920,pear,191,730,677,1540
pears-4549125_1920.jpg,1440,1920,pear,623,640,1239,1482
pears-4620755_1920-r.jpg,1279,1920,pear,584,548,1128,1126
pears-4620755_1920-r.jpg,1279,1920,pear,504,1044,1148,1528
pears-4620755_1920.jpg,1920,1279,pear,424,468,831,1145
pears-4620755_1920.jpg,1920,1279,pear,843,557,1389,1131
pears-4861735_1920-r.jpg,1920,1285,pear,207,262,824,624
pears-4861735_1920-r.jpg,1920,1285,pear,252,585,828,830
pears-4861735_1920-r.jpg,1920,1285,pear,891,461,1250,710
pears-4861735_1920-r.jpg,1920,1285,pear,848,197,1312,472
pears-4861735_1920-r.jpg,1920,1285,pear,1259,514,1738,842
pears-4861735_1920-r.jpg,1920,1285,pear,897,693,1428,1050
pears-4861735_1920-RGB.jpg,1285,1920,pear,239,872,573,1464
pears-4861735_1920-RGB.jpg,1285,1920,pear,439,1312,787,1706
pears-4861735_1920-RGB.jpg,1285,1920,pear,575,838,827,1270
pears-4861735_1920-RGB.jpg,1285,1920,pear,819,936,1099,1308
pears-4861735_1920-RGB.jpg,1285,1920,pear,631,194,983,826
pears-4861735_1920-RGB.jpg,1285,1920,pear,447,248,693,818
pears-4861735_1920.jpg,1285,1920,pear,231,872,583,1458
pears-4861735_1920.jpg,1285,1920,pear,447,1274,769,1692
pears-4861735_1920.jpg,1285,1920,pear,593,848,831,1258
pears-4861735_1920.jpg,1285,1920,pear,821,910,1111,1306
pears-4861735_1920.jpg,1285,1920,pear,631,210,965,800
pears-4861735_1920.jpg,1285,1920,pear,457,244,689,822
pears-4863510_1920-r.jpg,1280,1920,pear,613,766,1071,1102
pears-4863510_1920-r.jpg,1280,1920,pear,629,292,1053,634
pears-4863510_1920-r.jpg,1280,1920,pear,599,1230,1073,1572
pears-4863510_1920.jpg,1920,1280,pear,343,602,695,1075
pears-4863510_1920.jpg,1920,1280,pear,814,581,1151,1062
pears-4863510_1920.jpg,1920,1280,pear,1272,616,1624,1049
pear_518616.jpg,3072,2048,pear,434,151,2626,1491
plush-design-studio-VgCDU8K5l_E-unsplash-r.jpg,4608,3456,pear,1444,6,3659,1781
plush-design-studio-VgCDU8K5l_E-unsplash.jpg,3456,4608,pear,1649,1208,3435,3627
rebecca-matthews-MjW3S0C1dCo-unsplash-r.jpg,3456,5184,pear,780,903,3030,2619
rebecca-matthews-MjW3S0C1dCo-unsplash-r.jpg,3456,5184,pear,491,2464,2958,4169
rebecca-matthews-MjW3S0C1dCo-unsplash.jpg,5184,3456,pear,1036,567,2550,2977
rebecca-matthews-MjW3S0C1dCo-unsplash.jpg,5184,3456,pear,2550,759,4268,3031
salad-3889910_1920-r.jpg,1275,1920,pear,594,242,1144,886
salad-3889910_1920.jpg,1920,1275,pear,1012,597,1683,1145
studio-fruit-apple-pear-orange-red-apples-food.jpg,800,559,pear,382,58,565,396
tomas-tuma-UeQxftDG4GY-unsplash-r.jpg,4000,2667,pear,1931,474,2573,913
tomas-tuma-UeQxftDG4GY-unsplash-r.jpg,4000,2667,pear,2592,1202,3237,1752
tomas-tuma-UeQxftDG4GY-unsplash-r.jpg,4000,2667,pear,309,1188,875,1661
tomas-tuma-UeQxftDG4GY-unsplash.jpg,2667,4000,pear,1010,337,1493,862
tomas-tuma-UeQxftDG4GY-unsplash.jpg,2667,4000,pear,1760,1916,2206,2562
tomas-tuma-UeQxftDG4GY-unsplash.jpg,2667,4000,pear,914,2594,1460,3224
tree-3519520.jpg,5919,3946,pear,3223,731,3457,1039
tree-3519520.jpg,5919,3946,pear,3444,676,3640,1047
tree-3519520.jpg,5919,3946,pear,2373,635,2582,939
tree-3519520.jpg,5919,3946,pear,490,476,707,693
tree-3519520.jpg,5919,3946,pear,369,664,582,951
tree-3519520.jpg,5919,3946,pear,1440,1039,1619,1335
tree-3519520.jpg,5919,3946,pear,2657,1685,2961,2093
tree-3519520.jpg,5919,3946,pear,2973,1710,3257,2072
tree-3519520.jpg,5919,3946,pear,2873,2047,3098,2268
tree-3519520.jpg,5919,3946,pear,4123,2456,4394,2839
tree-3519520.jpg,5919,3946,pear,1986,3451,2236,3818
tree-3519520.jpg,5919,3946,pear,1619,2372,1807,2697
tree-3519520.jpg,5919,3946,pear,3827,2572,4036,2856
tree-3519520.jpg,5919,3946,pear,2707,2106,2948,2406
tree-3519520.jpg,5919,3946,pear,3002,3385,3165,3651
tree-3519520.jpg,5919,3946,pear,3194,3301,3344,3568
